2,4,3,3,0,4,4,1,51,6,34,3,1,0,160,2,0,1,2,0,0,1,0,0,2,0,5,1,1,5,0,1,3
0,1,3,9,0,0,4,2,44,8,1,3,1,1,174,3,2,1,4,2,1,0,0,1,2,4,13,0,4,3,2,1,6
0,5,5,4,0,2,4,4,51,5,15,6,1,1,163,3,2,2,1,2,2,1,0,1,3,1,2,3,0,2,3,2,4
1,4,4,6,0,1,6,0,76,6,1,3,1,0,161,1,1,0,1,2,1,0,2,0,1,1,5,5,0,3,1,2,4
0,3,1,4,1,0,3,0,78,3,2,2,3,0,163,2,1,1,8,2,0,1,0,0,0,4,5,4,0,2,0,2,5
4,5,2,4,1,2,3,0,47,12,20,3,2,0,170,7,0,0,2,1,1,1,1,2,1,0,2,1,0,2,1,1,2
2,5,3,11,0,3,6,0,50,10,16,5,0,2,159,4,1,1,1,1,0,0,2,2,1,0,2,3,1,4,0,4,1
0,1,6,1,1,0,3,2,53,7,1,3,4,4,178,2,0,4,3,0,3,5,2,1,1,0,8,0,0,3,1,2,1
2,2,9,6,1,4,5,2,58,9,8,5,1,2,152,2,3,1,2,3,0,0,0,1,3,1,6,4,1,3,3,0,1
0,2,1,5,0,4,4,1,62,4,8,3,1,2,174,2,3,1,1,2,0,3,1,1,0,2,2,1,0,1,2,2,5
1,0,2,4,1,1,9,4,41,6,31,3,1,0,180,2,0,0,0,1,0,1,0,0,1,0,4,0,0,4,2,1,0
2,9,2,7,0,0,0,0,48,3,3,3,1,1,184,1,0,1,3,1,1,0,2,1,3,0,8,4,3,3,1,3,2
0,3,3,9,1,1,2,1,56,6,7,3,3,0,188,1,0,0,3,3,0,0,2,0,2,2,0,2,0,2,0,0,0
2,5,1,5,1,0,4,0,54,7,20,2,2,4,163,4,0,1,3,0,0,1,1,3,0,2,5,1,1,4,0,1,3
1,2,2,2,0,2,4,0,72,5,12,0,0,0,174,1,0,1,0,2,1,1,2,2,2,3,1,1,1,1,1,1,3
3,1,6,5,0,2,3,0,64,6,7,3,1,0,176,4,0,3,2,2,1,0,3,0,0,1,3,2,1,0,0,1,0
2,5,6,8,0,1,5,2,50,5,21,2,1,0,155,6,0,0,2,2,3,2,1,1,4,0,4,4,1,2,0,2,3
1,2,2,2,1,2,4,2,85,10,14,3,4,1,145,3,0,0,1,1,0,1,1,2,1,2,2,2,0,1,1,2,2
3,2,1,5,0,2,5,1,85,1,14,5,1,0,147,3,0,1,0,2,0,0,4,2,1,3,2,1,1,3,2,2,1
1,1,3,11,0,3,8,3,68,10,3,1,1,0,165,1,0,0,1,3,0,0,1,1,2,1,6,2,1,0,0,0,3
0,1,3,4,0,5,0,0,35,4,24,3,3,1,191,3,1,1,2,3,1,0,2,1,0,2,3,1,0,3,1,0,2
0,3,1,3,0,5,2,1,44,4,36,3,4,0,168,5,0,1,2,0,1,0,0,1,0,2,1,2,2,3,4,2,0
2,0,4,4,0,4,2,1,74,6,22,1,2,0,153,2,3,3,1,2,1,3,0,1,0,3,0,1,1,2,1,1,0
0,3,2,8,1,2,5,2,53,9,5,2,1,1,177,2,2,5,4,0,0,3,1,0,1,1,0,2,0,6,0,1,1
2,2,1,6,0,2,0,0,57,2,17,4,2,1,165,2,1,3,2,5,0,2,3,3,1,0,4,1,1,6,1,2,2
4,4,2,5,0,1,7,0,42,6,14,6,3,6,183,2,0,0,5,2,0,0,1,0,1,0,3,0,0,0,0,1,2
1,7,5,6,0,2,8,4,70,9,5,2,3,0,150,1,2,1,2,2,0,1,1,1,3,1,3,3,0,6,0,0,1
0,2,6,4,0,3,2,2,61,7,18,1,0,1,160,8,0,0,3,1,1,0,0,0,2,6,3,0,1,1,2,3,2
2,3,5,3,0,3,1,0,82,5,12,4,3,1,153,3,2,2,1,2,0,0,1,0,1,1,3,1,0,1,0,2,3
0,0,3,2,1,3,4,2,72,6,19,1,0,0,161,5,0,1,1,0,1,2,3,2,1,3,0,0,1,2,0,4,0
3,2,4,4,0,3,4,2,58,4,10,3,3,0,169,3,1,3,4,0,1,0,1,2,0,1,1,2,1,4,2,3,2
0,3,2,6,0,1,6,0,40,5,20,2,1,4,174,2,1,1,2,2,1,2,3,3,6,0,4,2,1,2,1,2,1
1,2,2,5,0,1,0,1,38,5,20,2,1,1,193,3,0,3,1,2,1,1,1,2,2,1,1,1,2,4,0,2,1
1,3,4,4,0,2,2,1,49,2,18,2,2,1,185,2,0,1,4,3,3,0,0,2,0,0,0,0,2,3,1,1,2
0,4,3,4,2,1,1,0,38,7,21,4,2,1,186,2,1,0,4,1,1,0,2,1,2,0,3,0,2,2,1,2,2
1,1,2,5,1,1,3,1,41,3,11,4,2,0,197,3,1,1,1,3,0,1,2,2,2,1,0,2,1,1,1,1,4
1,4,4,4,0,3,3,0,66,7,11,3,0,0,171,2,1,0,0,1,0,0,1,0,2,2,2,4,0,4,1,2,1
0,3,3,4,0,2,7,1,60,9,8,6,2,0,155,2,0,2,2,2,4,1,0,1,2,2,5,2,1,2,2,2,8
0,3,10,7,2,3,3,1,60,2,7,4,1,0,165,3,1,0,2,4,0,1,0,1,3,2,5,2,0,5,3,0,0
1,3,2,3,1,2,2,4,53,5,14,2,2,0,176,6,0,0,1,6,1,3,2,2,3,0,1,0,0,0,0,1,4
1,2,2,12,0,2,2,0,65,6,4,4,2,1,171,2,0,0,1,0,0,3,4,2,0,0,3,2,1,4,1,0,3
0,5,2,5,0,0,1,2,43,6,20,0,1,1,179,3,0,1,2,3,1,1,1,1,1,1,3,3,3,4,2,3,2
3,1,4,1,0,3,4,0,84,8,16,1,0,1,152,3,0,1,2,1,0,0,1,2,1,2,1,3,0,0,2,2,1
0,2,1,4,1,4,0,0,75,6,21,1,1,0,158,3,0,0,4,0,1,0,0,2,3,1,1,1,0,3,2,1,4
0,4,3,7,0,6,3,0,56,4,14,1,2,1,167,5,0,1,0,2,2,2,2,2,2,2,3,0,1,4,2,1,1
3,1,3,4,0,0,2,1,96,5,13,1,1,2,142,1,0,1,3,0,1,0,1,1,4,4,2,3,0,4,0,0,1
3,2,2,5,0,3,3,2,46,9,21,4,1,0,177,5,2,1,0,2,0,0,2,2,2,0,2,1,1,1,0,0,1
0,2,1,6,2,3,3,1,58,4,10,2,1,1,170,4,2,1,1,5,0,2,2,2,4,2,3,0,2,2,2,1,1
0,7,4,5,0,0,5,1,60,6,7,2,1,1,172,2,0,0,3,4,0,0,0,0,1,2,4,3,2,3,1,0,4
1,3,4,8,0,3,7,0,57,14,4,0,3,2,166,1,0,0,6,1,1,1,3,0,0,1,4,1,0,3,1,3,2
0,3,4,3,0,1,2,2,59,6,18,2,3,1,170,2,0,2,3,2,0,0,3,0,5,2,0,0,1,4,1,1,0
1,0,1,5,0,1,0,0,87,2,22,1,1,1,146,2,1,1,0,4,2,1,1,1,6,3,3,2,1,2,1,1,0
1,4,5,6,0,1,4,2,58,4,17,6,1,2,164,3,2,3,2,0,2,1,2,1,3,0,1,1,2,0,0,2,0
0,1,10,7,0,1,3,0,34,5,23,1,3,2,182,6,0,1,2,5,0,0,0,0,1,4,2,0,0,2,2,2,1
0,0,5,10,1,4,8,3,56,2,3,5,0,0,162,1,0,0,7,3,1,3,1,0,2,2,7,4,0,5,3,0,2
0,2,5,6,0,3,8,1,54,11,3,5,1,3,162,3,1,2,3,0,0,1,2,1,0,1,7,1,1,7,1,2,3
1,3,4,2,1,0,3,1,56,5,22,3,1,2,163,3,2,3,1,4,0,0,4,1,1,1,3,0,0,5,1,2,2
2,3,6,3,2,2,1,1,68,6,5,4,0,0,164,2,1,0,2,0,2,0,1,1,1,1,6,4,0,4,3,4,1
1,3,5,2,1,3,8,2,54,7,2,5,4,0,169,5,0,0,1,1,0,2,2,3,0,0,6,0,1,6,0,2,5
0,7,2,11,0,1,3,0,60,5,2,4,2,0,159,4,1,0,5,2,0,1,0,1,1,1,7,6,2,10,1,0,2
2,1,5,5,0,1,2,2,63,9,3,4,1,0,176,0,1,2,2,3,0,2,0,2,0,3,2,0,1,3,2,1,2
0,3,4,8,0,2,4,0,60,5,7,2,3,0,167,4,1,0,5,3,0,2,1,0,3,4,3,3,0,4,1,1,0
1,3,3,3,1,2,5,0,68,8,16,1,0,0,162,1,0,2,1,2,1,2,1,2,1,1,1,3,3,1,0,2,3
2,3,7,5,1,0,3,1,57,5,22,3,1,0,158,3,0,0,2,0,0,3,1,1,4,2,6,1,3,4,0,0,2
1,1,6,6,1,2,6,0,58,4,10,3,2,0,170,3,0,3,3,0,0,0,2,3,0,1,4,2,1,2,2,3,1
5,0,5,9,0,0,7,1,52,7,3,3,2,1,175,5,1,2,4,0,0,2,3,1,1,0,3,0,1,1,2,2,2
1,6,2,10,1,0,7,2,68,6,3,1,1,0,157,1,2,0,5,4,0,0,1,1,0,1,4,4,1,7,1,1,2
2,1,4,9,1,5,6,0,66,10,3,4,3,2,158,5,0,2,0,1,2,1,0,1,2,1,3,0,0,2,1,1,4
0,3,3,5,0,3,4,1,55,4,15,2,3,1,177,0,1,1,2,0,0,0,0,0,2,2,2,1,2,6,2,2,1
0,5,3,2,0,1,2,0,69,7,14,1,0,2,167,4,0,1,1,1,1,1,0,3,1,2,1,3,5,0,1,1,1
1,4,2,8,1,2,4,1,56,3,15,2,2,0,175,2,0,0,1,4,1,0,1,2,2,0,2,1,1,2,1,1,3
1,1,4,2,0,0,7,0,64,3,13,2,0,0,181,2,1,0,1,4,0,1,2,1,1,1,3,2,0,1,1,0,1
1,4,2,4,0,1,8,0,56,7,3,6,4,1,158,3,0,1,12,0,0,1,2,0,2,2,3,0,4,4,1,2,8
0,3,7,7,1,1,3,0,63,10,6,4,2,1,150,3,0,2,3,2,3,0,3,1,1,1,6,0,3,3,2,1,8
1,4,3,6,0,3,3,1,60,8,4,3,4,2,161,5,0,3,5,1,1,5,1,1,0,1,5,0,1,1,2,3,2
0,4,6,9,0,3,5,0,70,10,1,3,4,2,156,3,0,1,1,0,0,0,2,4,0,0,5,0,1,2,1,5,2
1,4,8,7,0,1,7,1,59,4,2,3,3,3,165,1,0,1,2,1,1,1,6,3,0,1,6,0,1,1,1,4,2
0,4,3,10,1,1,6,1,59,9,1,4,2,2,172,1,0,2,2,0,0,2,3,3,1,0,4,0,1,3,1,0,2
1,2,3,5,0,1,6,1,34,4,17,6,1,1,194,4,0,3,0,4,0,1,2,1,1,0,2,2,1,1,1,1,0
0,5,2,4,1,3,2,1,35,6,23,1,1,1,187,3,2,1,1,2,0,3,2,2,1,1,3,0,0,2,0,0,5
1,2,4,5,1,2,1,3,53,7,12,3,2,1,178,3,0,2,2,4,0,0,1,0,1,2,0,2,0,2,1,2,3
0,6,3,6,0,1,5,0,61,6,3,2,2,0,165,2,1,3,4,2,0,2,0,1,1,1,9,2,1,6,0,1,4
3,3,6,2,0,2,2,1,44,1,25,3,1,0,170,2,1,2,0,0,1,1,2,5,0,3,6,5,1,1,2,3,2
1,2,5,0,0,4,3,0,58,5,20,2,1,0,167,4,0,3,2,0,0,2,0,3,1,4,3,2,0,2,3,0,3
0,2,3,6,0,1,2,1,89,6,29,4,0,0,130,4,2,1,4,0,1,1,0,1,1,1,2,2,1,1,0,1,4
0,4,3,5,0,2,3,0,65,5,20,2,0,2,166,4,0,3,0,2,1,0,1,2,0,1,2,3,2,0,1,0,1
2,5,2,4,1,2,2,0,58,7,6,4,1,1,177,4,1,1,2,1,1,1,3,1,1,0,2,3,0,2,0,2,3
2,3,3,6,1,3,3,2,55,11,11,3,4,0,156,2,0,5,1,5,0,0,1,1,2,2,2,2,1,6,1,0,6
0,2,4,3,0,3,7,1,46,7,23,3,0,2,180,1,0,2,1,1,1,2,0,1,1,3,1,2,2,0,0,1,0
0,2,7,4,0,1,5,2,72,8,0,2,2,0,170,1,0,0,5,2,1,0,0,0,0,0,4,2,1,2,1,2,4
2,1,6,6,0,0,4,0,33,6,16,2,3,1,196,3,0,1,1,2,2,1,0,4,1,2,0,1,0,1,2,2,1
0,0,4,1,0,2,2,0,76,4,13,1,0,2,161,1,1,1,1,2,3,3,0,3,5,2,1,4,1,1,1,3,1
1,2,3,5,0,2,5,2,54,6,30,1,5,0,163,1,0,4,0,1,2,0,1,2,0,2,0,1,1,3,0,1,2
0,4,6,2,1,2,6,0,68,6,8,2,1,2,156,3,2,0,4,0,0,0,3,1,2,3,3,0,1,7,2,4,1
2,3,5,4,0,3,7,0,60,3,9,1,1,2,165,1,0,2,3,4,0,2,3,2,3,4,4,2,0,1,1,1,2
0,7,9,5,0,3,4,1,52,8,14,1,2,1,158,2,0,0,1,3,1,0,1,3,0,4,8,1,2,4,0,2,3
2,2,1,8,1,0,5,0,47,9,10,0,1,0,179,3,0,4,3,1,0,3,5,2,1,2,1,2,0,4,1,2,1
1,2,4,11,1,0,6,1,47,5,5,6,3,1,171,2,0,1,4,0,0,0,1,1,3,2,7,2,1,4,1,1,6
1,6,2,2,0,3,4,0,50,6,19,0,1,4,174,3,0,1,1,1,1,1,3,0,0,3,3,2,0,3,0,2,4
3,4,4,5,1,1,2,0,44,6,17,3,0,1,176,0,2,0,4,3,1,2,4,3,1,0,6,1,2,1,2,0,1
0,6,6,1,0,2,2,0,55,11,6,4,3,1,170,2,1,1,5,5,1,2,2,1,2,0,2,3,1,0,1,1,3
1,3,1,6,1,3,4,1,53,3,21,0,1,1,174,4,0,2,2,2,0,1,2,1,1,0,2,2,1,1,1,4,1
0,1,2,4,0,3,5,0,90,7,17,1,1,0,141,0,0,2,1,1,1,1,0,4,4,3,1,1,1,1,2,3,2
0,2,2,4,0,0,5,0,58,8,7,3,1,2,163,2,0,4,8,0,2,0,2,2,3,1,6,2,0,3,2,3,5
1,4,3,8,1,2,3,1,50,11,3,7,5,2,170,1,0,0,2,0,0,1,2,3,0,1,6,1,4,6,0,0,2
1,5,3,6,0,2,3,1,85,4,17,2,0,0,153,3,0,0,0,2,1,0,0,2,2,1,2,0,1,2,1,0,1
1,4,5,10,1,1,3,4,60,5,16,5,2,0,147,6,1,2,1,3,1,0,1,0,3,3,2,4,0,3,1,2,3
0,1,5,12,0,1,5,2,62,10,4,2,1,0,158,4,0,0,1,3,0,2,0,1,4,0,9,2,1,4,2,1,3
2,3,2,3,1,1,4,0,60,12,2,1,1,3,173,2,0,3,7,0,2,0,0,4,1,0,5,1,1,0,1,3,2
0,6,3,3,1,3,9,2,39,3,11,6,1,0,188,2,1,0,3,3,0,0,2,2,3,2,3,2,0,1,0,0,1
3,3,4,6,0,7,7,2,46,4,17,3,3,2,168,1,1,0,2,1,0,0,1,2,0,4,3,1,1,3,2,1,2
1,0,4,6,0,0,4,2,68,10,11,2,2,1,160,3,0,3,2,0,2,1,1,0,0,1,3,2,0,4,1,4,2
0,7,3,7,2,4,3,2,63,7,15,3,1,1,148,5,0,0,4,4,1,1,1,1,0,1,2,2,1,3,1,2,5
0,9,5,6,0,1,3,4,52,4,14,5,2,0,156,10,0,0,1,1,2,0,1,2,2,1,10,2,1,4,2,0,0
1,1,2,6,0,3,4,0,68,9,6,5,3,0,161,4,0,1,1,0,1,1,4,4,0,0,4,0,1,3,0,3,4
3,3,3,7,0,0,9,1,39,13,12,5,1,3,176,2,0,2,4,0,0,0,1,2,2,1,1,0,1,2,1,1,5
0,7,3,2,0,2,2,2,53,7,26,3,2,0,173,4,0,0,0,1,0,0,2,0,1,0,4,3,0,0,1,2,0
3,1,7,3,1,3,5,1,38,3,23,0,1,0,178,2,0,2,1,1,0,0,2,4,1,3,4,2,3,2,0,1,5
1,4,5,6,1,0,4,0,65,6,3,2,0,1,179,3,2,0,1,0,0,0,3,0,1,0,3,2,0,3,0,1,4
1,0,1,3,2,0,2,1,67,3,15,4,0,1,166,1,0,3,2,3,1,2,0,2,6,2,2,1,0,4,1,3,1
1,4,2,12,0,4,9,2,61,1,6,2,5,0,166,3,1,0,4,0,1,0,0,1,0,1,0,2,2,4,3,0,3
1,4,1,3,1,0,3,4,39,9,18,1,3,0,180,3,0,3,1,1,2,2,5,3,2,0,1,3,0,1,2,1,3
2,5,5,6,0,1,4,0,46,7,18,5,4,0,168,6,2,0,2,1,0,0,2,2,1,1,2,2,1,2,1,2,2
2,4,3,3,0,2,1,2,45,2,25,2,2,0,183,1,1,1,0,1,0,1,0,3,0,0,3,2,0,4,2,3,2
2,2,1,2,0,0,3,0,89,4,14,2,0,0,149,3,0,2,0,1,0,1,3,4,1,2,4,1,0,2,1,3,4
0,1,2,0,0,2,3,0,76,3,14,0,1,0,173,1,0,0,1,4,1,0,1,2,3,2,1,3,0,1,1,2,2
0,3,2,5,0,3,4,3,29,4,22,0,1,0,196,4,1,0,3,4,2,1,1,0,2,2,2,1,0,2,0,1,2
1,5,3,5,0,3,4,0,50,10,7,1,0,0,177,3,2,1,3,0,1,1,0,5,1,1,4,1,1,4,2,4,0
1,0,4,4,0,1,5,4,67,8,4,3,2,0,155,2,1,0,1,2,0,0,1,2,4,1,8,3,0,6,1,0,10
0,4,1,6,0,1,6,1,68,5,6,3,2,0,157,2,0,1,4,1,2,2,1,1,4,2,2,2,3,4,1,1,7
2,0,3,4,1,1,4,1,76,1,18,2,1,1,161,1,1,0,1,0,1,1,0,0,2,3,1,5,0,1,1,3,3
2,0,4,3,0,0,2,1,97,6,14,3,2,1,133,3,1,2,1,1,1,1,1,2,2,2,2,3,1,2,1,3,3
1,7,1,5,0,1,6,2,47,4,2,3,2,0,182,4,0,2,2,1,1,0,5,2,1,0,3,2,2,3,2,1,6
1,2,4,6,2,4,7,1,63,7,6,3,0,4,150,5,1,1,5,1,0,1,2,2,3,3,3,3,0,3,0,4,3
0,6,6,2,0,1,2,1,45,3,18,0,1,1,182,3,1,2,2,1,0,1,1,3,0,2,4,2,1,3,1,0,5
0,2,3,2,1,2,5,0,97,3,19,2,0,0,142,2,1,3,0,2,0,0,2,0,1,0,1,3,1,3,0,2,1
1,0,6,6,2,6,8,0,51,6,24,6,1,0,153,5,0,1,0,0,2,2,5,2,1,1,4,1,1,0,1,0,4
0,4,4,6,0,2,2,0,43,8,18,2,0,0,182,4,0,3,1,2,1,2,0,0,0,0,5,1,2,2,2,1,3
2,5,3,3,3,4,3,0,60,5,19,4,0,2,156,3,0,2,1,1,1,0,2,2,2,3,2,3,2,4,1,2,0
0,2,1,7,1,3,5,2,68,5,11,1,1,2,166,4,0,2,1,0,0,1,2,3,3,2,2,3,0,1,0,0,1
1,3,4,5,1,1,4,0,27,4,12,0,0,0,210,4,1,5,2,0,0,2,0,2,1,1,2,2,2,3,1,0,0
2,1,8,6,0,0,4,2,64,10,2,2,2,2,161,3,1,5,2,2,0,2,3,1,2,1,6,2,0,1,0,1,2
0,2,2,7,1,2,1,0,83,5,14,2,2,1,150,2,4,0,2,1,0,1,2,2,1,2,0,2,0,2,1,3,3
0,3,7,10,2,2,5,1,37,7,25,1,0,3,169,2,0,1,2,1,0,0,3,5,1,3,0,1,0,5,0,4,0
3,2,3,6,0,0,2,3,52,2,16,2,1,0,183,4,0,1,3,1,1,1,2,1,2,2,2,2,1,1,0,1,0
0,2,0,8,0,1,2,0,33,3,18,0,2,0,209,4,2,1,0,2,0,1,0,1,0,0,2,2,1,0,0,5,1
0,3,4,5,1,4,5,1,42,9,12,4,0,0,183,4,0,2,1,0,0,1,4,4,2,3,1,1,0,0,0,4,0
2,0,4,6,1,1,4,0,47,7,22,1,3,1,178,3,1,2,1,0,0,4,1,1,1,0,3,2,0,1,0,1,2
0,1,5,4,0,3,4,0,81,5,17,0,2,0,150,5,0,0,0,1,0,1,1,4,2,1,4,1,0,5,1,2,0
0,3,0,2,0,0,0,1,84,2,13,1,0,0,165,6,0,1,1,2,0,4,0,2,3,0,0,3,1,1,2,2,1
0,2,2,5,0,2,4,2,56,5,14,1,1,0,185,2,2,0,1,2,1,2,0,2,1,0,3,1,0,2,0,1,1
1,0,4,8,0,1,2,0,60,6,12,1,2,3,171,5,2,0,3,0,1,2,0,3,0,0,2,1,0,2,0,6,2
1,4,10,3,0,0,4,1,68,10,7,2,3,1,158,0,0,1,6,1,1,1,0,1,2,2,4,0,2,4,0,1,2
2,4,5,9,0,0,2,1,45,10,1,0,4,3,184,0,1,3,4,2,0,0,5,1,0,0,2,0,1,8,2,1,0
4,2,1,5,1,5,6,1,44,2,14,2,0,2,189,2,1,2,1,1,0,0,0,3,0,1,1,1,1,2,1,3,2
2,1,4,5,1,1,3,0,63,1,2,3,2,2,179,2,0,2,1,1,0,0,0,1,0,1,7,1,0,5,1,2,7
1,1,2,9,1,0,2,2,66,6,0,4,6,0,173,1,0,0,3,0,0,0,1,5,1,0,2,2,0,1,0,4,7
2,2,3,6,0,2,4,0,63,5,3,2,0,1,174,4,0,0,1,7,0,0,2,0,2,2,6,3,0,1,0,0,5
1,2,1,5,0,5,5,0,69,5,8,1,3,1,170,0,0,0,1,0,1,1,5,3,1,3,2,0,2,1,0,2,2
1,4,2,2,2,1,3,0,54,2,18,2,0,2,176,4,0,3,1,1,1,0,1,2,1,1,2,4,0,3,1,3,3
0,3,4,9,0,1,5,1,67,7,6,1,2,1,154,6,1,1,0,2,0,2,2,2,0,1,9,1,2,1,2,2,5
1,2,5,5,0,3,5,1,49,5,30,2,0,1,153,4,1,1,1,4,1,1,1,1,0,1,8,5,0,3,2,1,3
1,2,2,3,1,1,3,0,81,8,22,2,2,1,149,4,0,1,0,1,0,1,1,1,4,2,1,2,0,0,1,0,3
3,4,6,1,0,1,5,1,51,5,15,3,2,1,165,3,1,3,3,1,1,5,2,0,0,2,4,0,0,4,1,1,6
0,1,6,6,0,1,6,0,68,4,3,5,1,0,169,5,0,1,4,1,1,1,1,2,1,2,2,3,2,0,0,1,3
2,5,3,8,1,4,5,3,64,1,2,3,1,1,173,2,1,0,0,0,0,6,2,0,1,1,4,2,0,2,2,0,1
2,4,5,6,0,1,7,2,58,5,12,4,0,2,156,4,0,3,2,1,0,0,0,4,3,1,2,4,3,1,2,2,4
0,2,4,0,0,5,6,3,56,8,12,3,0,0,172,6,0,0,1,1,0,2,2,2,0,4,2,2,0,1,2,2,2
2,1,2,5,1,2,5,3,52,4,11,1,0,1,188,2,1,0,1,0,0,2,3,4,2,1,1,2,1,2,0,0,0
1,1,3,8,2,1,5,2,43,7,23,3,0,2,168,3,1,1,1,3,1,2,2,0,1,6,3,1,0,0,2,3,1
0,2,2,7,1,1,7,4,58,6,2,7,4,0,154,0,0,0,2,6,0,1,1,1,6,5,3,3,5,6,4,0,2
0,2,3,7,0,1,4,2,55,12,2,3,5,2,172,0,0,1,3,0,2,4,1,2,0,1,4,0,1,4,2,2,3
2,4,11,1,1,2,8,0,46,6,15,2,0,1,174,1,0,1,1,2,0,1,3,1,1,0,5,1,0,5,1,2,2
0,2,10,5,0,3,3,1,51,5,10,7,2,2,163,2,1,1,2,2,0,0,5,2,3,1,0,1,2,2,2,1,9
1,0,5,3,0,0,2,0,102,8,22,0,1,0,139,4,0,0,0,2,0,0,1,0,1,0,1,3,0,2,0,1,2
1,1,4,9,1,1,10,1,63,4,3,3,2,0,166,2,0,1,5,4,0,0,1,1,1,2,3,4,1,2,1,1,2
0,1,2,2,2,2,3,1,43,5,17,1,1,0,197,2,0,3,1,1,0,0,1,1,3,1,3,1,1,4,0,0,1
1,1,4,1,0,4,5,0,51,7,17,1,0,1,173,4,0,0,0,4,1,2,0,4,0,7,0,1,1,3,2,4,1
1,4,6,1,0,4,5,0,54,6,19,3,1,0,168,1,0,3,0,1,1,1,0,3,0,3,0,2,3,6,0,2,2
0,3,6,3,0,2,3,1,70,6,15,2,3,0,168,4,0,0,1,0,0,1,1,2,0,1,1,1,1,3,0,1,1
1,0,5,5,2,3,6,1,67,6,9,1,1,1,168,1,1,0,4,1,0,1,0,1,3,2,2,2,0,2,1,0,3
0,0,4,1,1,3,1,1,88,2,12,1,1,2,161,4,0,1,1,1,0,1,0,2,3,1,2,1,1,1,1,1,1
1,3,1,2,0,2,1,0,83,5,12,1,2,1,163,2,0,0,0,4,1,0,1,3,2,2,3,1,0,0,0,4,0
1,4,2,6,1,3,2,2,72,8,18,0,2,2,155,2,1,3,1,0,0,0,2,1,1,0,3,4,1,0,0,3,0
1,3,4,10,0,3,2,1,65,3,2,4,1,3,165,1,1,0,3,3,1,1,0,1,0,10,6,2,0,1,0,1,2
0,3,1,10,1,5,3,0,45,4,35,2,1,3,163,5,0,2,1,1,0,2,2,1,0,2,1,1,2,2,1,1,0
0,5,9,4,0,1,0,2,51,2,9,3,2,2,172,2,0,2,5,3,0,2,0,1,6,3,1,0,4,5,1,1,2
0,1,5,6,1,2,2,1,43,2,10,1,4,0,188,1,3,1,4,2,0,0,1,1,2,3,4,2,1,1,2,3,3
2,3,4,3,0,4,4,0,47,11,25,3,1,1,171,5,0,1,0,1,0,0,2,0,1,2,4,1,0,3,0,0,1
0,4,2,6,0,4,6,0,60,8,1,3,4,2,158,2,0,0,3,0,1,1,1,3,1,1,12,3,3,5,1,1,4
0,4,5,5,2,1,1,0,47,8,18,2,0,1,189,3,1,0,2,1,0,1,1,2,0,0,1,1,1,0,1,1,1
3,4,7,14,0,1,9,2,50,4,10,4,2,0,148,2,0,1,2,2,2,1,4,1,2,0,6,3,3,6,2,3,2
0,7,9,4,0,5,2,0,40,11,31,3,1,0,161,1,0,1,3,1,1,1,1,4,1,0,0,3,1,4,1,2,1
0,4,2,2,0,1,3,0,50,10,22,4,1,0,171,2,1,1,2,3,0,2,0,3,0,1,3,4,1,4,3,0,0
1,5,2,10,2,0,7,0,53,8,4,5,1,1,171,1,1,1,3,2,0,1,0,0,0,0,9,1,3,4,1,1,2
2,5,4,7,0,1,6,3,51,8,12,0,1,0,167,3,1,2,2,4,0,0,1,1,4,2,0,3,1,0,5,2,2
2,3,5,9,1,0,7,1,62,7,3,4,2,0,160,4,0,1,4,0,0,1,3,3,1,1,5,3,0,3,2,2,1
0,5,6,5,0,1,6,1,61,5,11,3,0,0,175,0,1,2,1,1,0,0,0,1,4,4,1,1,0,3,0,0,2
0,2,4,9,0,0,3,2,66,1,4,5,1,2,162,0,0,1,4,2,1,1,2,2,0,1,5,2,0,5,1,1,11
3,0,4,5,1,1,1,0,72,8,19,2,2,0,151,1,2,2,0,3,0,1,1,1,2,5,3,0,0,4,1,5,0
1,6,4,2,2,2,3,0,67,3,7,3,2,2,165,3,2,0,3,1,1,2,2,2,0,1,1,0,0,3,2,3,5
0,3,6,5,1,1,5,0,61,7,12,2,2,0,168,4,1,0,2,4,0,0,1,1,0,2,0,5,2,0,0,0,5
0,1,2,1,2,3,4,0,56,5,26,2,2,0,167,4,1,0,1,1,0,3,0,4,1,0,1,4,1,4,1,2,1
2,3,3,4,1,3,4,0,58,7,16,3,2,1,171,1,1,2,2,3,0,0,3,2,1,0,2,0,1,2,1,0,1
1,0,6,4,1,2,2,1,57,7,19,1,2,0,160,3,0,2,0,2,1,1,6,4,0,1,2,4,0,5,1,2,3
0,6,2,6,1,0,8,4,58,6,2,3,2,0,169,0,1,0,3,4,0,0,0,3,3,2,4,5,4,1,1,0,2
0,1,5,1,0,1,5,1,77,5,19,2,0,1,153,2,0,0,3,0,1,3,2,4,2,0,7,1,1,1,0,2,0
0,2,4,6,1,2,4,1,52,5,7,2,1,0,173,6,1,2,2,1,0,1,0,1,2,0,7,1,2,7,2,1,4
1,1,6,7,0,3,2,0,57,7,19,1,2,1,155,6,0,4,1,3,0,1,2,3,1,1,1,0,1,6,3,1,4
1,0,2,3,0,0,2,2,88,4,17,2,2,5,149,3,0,1,1,1,0,3,1,1,0,1,3,1,0,1,1,3,2
2,1,0,4,0,4,2,0,44,5,24,0,2,2,184,2,0,0,0,1,2,1,1,1,0,0,4,2,1,5,1,4,1
1,4,4,2,0,5,3,0,61,9,13,2,0,2,161,2,2,1,2,4,0,1,0,3,1,0,2,3,2,2,0,3,5
2,0,3,7,0,1,2,0,60,6,3,5,3,3,180,3,0,0,2,0,0,2,3,1,0,0,4,1,0,2,3,2,2
2,7,4,12,0,4,6,0,56,5,1,4,2,0,163,2,1,3,5,1,1,1,3,1,0,2,3,0,2,5,0,1,3
1,1,6,2,0,2,5,0,49,2,16,6,1,0,181,2,1,1,3,2,0,0,2,2,0,1,1,4,3,1,1,1,3
1,4,2,3,1,1,1,2,31,5,26,3,1,0,191,6,1,2,1,1,0,1,0,2,1,3,4,0,2,1,0,1,2
0,3,2,3,0,3,4,2,58,13,3,3,4,0,164,6,0,0,2,5,1,0,1,2,1,4,6,5,0,2,0,0,3
2,2,3,6,1,5,2,2,40,6,29,1,1,1,174,4,0,2,1,2,0,1,1,2,0,1,1,1,1,3,1,3,1
2,1,2,3,0,1,3,2,57,8,1,4,1,5,192,0,2,1,2,0,2,1,2,0,1,0,2,0,0,2,0,2,1
2,2,2,5,1,2,2,0,56,5,17,3,0,0,171,3,0,5,3,2,0,1,2,3,0,1,3,3,0,2,0,3,1
0,3,2,8,0,2,4,4,62,4,6,3,2,1,166,1,1,0,1,4,1,0,3,2,2,2,5,2,0,2,1,2,4
0,2,4,5,1,1,5,0,66,6,2,4,1,0,171,2,2,4,2,0,0,1,0,1,0,0,4,2,2,4,3,2,3
2,4,1,1,0,2,3,0,71,14,12,1,2,1,155,4,0,5,2,1,0,1,0,1,2,0,3,2,1,4,0,4,1
2,3,8,5,0,3,3,1,56,4,11,5,1,2,167,3,0,1,1,2,0,2,0,2,0,0,3,0,2,5,1,2,5
2,4,3,4,1,1,6,0,60,9,10,2,1,3,156,5,0,1,3,4,0,0,1,1,2,3,3,3,0,4,3,1,4
4,4,3,3,0,2,6,1,56,8,23,3,1,0,154,5,1,2,1,4,0,0,2,2,3,1,2,2,1,2,0,4,0
1,5,8,2,1,6,6,2,44,5,16,3,2,0,169,5,1,0,3,2,0,2,1,0,1,2,0,4,1,3,1,2,2
1,3,4,4,0,4,4,0,47,3,18,1,0,0,183,6,0,2,2,1,1,1,0,1,0,2,2,0,0,2,1,4,3
3,1,3,9,2,0,0,0,73,6,20,4,0,0,153,1,3,1,2,3,1,3,1,4,0,1,1,0,1,2,0,0,2
0,4,2,6,0,2,4,1,71,5,18,1,1,0,166,4,1,1,0,2,1,0,0,0,0,1,2,3,1,2,0,1,0
2,3,3,6,1,0,6,1,55,5,16,3,1,1,163,6,0,1,2,1,2,1,1,2,1,1,8,0,0,3,0,2,3
0,2,3,9,0,2,4,2,57,8,20,2,1,1,155,4,1,3,2,0,1,2,0,2,3,5,1,2,1,3,0,2,2
3,3,4,6,1,3,3,0,39,6,24,2,2,1,175,3,0,0,0,2,1,2,2,3,2,1,0,1,1,4,0,3,3
0,2,7,4,0,3,0,2,47,2,27,0,2,1,165,3,1,0,2,2,0,1,3,4,2,3,1,6,0,3,4,3,0
1,1,4,8,0,2,3,1,57,2,10,5,3,2,169,4,0,2,1,4,0,3,1,1,1,2,4,1,1,1,2,2,2
0,4,2,7,2,2,8,0,54,8,3,4,3,3,170,3,0,1,2,2,0,0,1,0,0,1,5,4,1,3,3,0,4
0,2,9,6,1,1,6,1,41,7,12,3,1,1,180,5,1,0,1,2,1,1,0,3,1,2,0,1,0,6,2,3,0
1,1,2,3,0,3,1,1,87,6,18,3,2,1,158,2,0,1,0,0,0,1,1,1,0,0,2,0,1,0,1,1,2
2,3,5,1,1,4,4,3,48,7,7,4,3,1,172,4,1,1,3,2,1,0,1,0,1,1,7,2,1,6,1,1,2
1,1,4,2,0,3,1,0,76,6,19,3,0,0,159,4,0,0,1,1,1,2,0,2,3,0,1,0,0,2,4,2,2
0,1,5,5,0,1,3,0,55,11,5,3,3,3,172,0,2,1,5,1,1,3,3,1,0,0,4,1,4,4,1,0,2
1,5,6,6,0,2,5,1,69,6,1,3,2,1,167,3,1,3,2,0,0,3,2,0,1,0,4,0,2,2,0,1,1
0,2,3,1,1,2,4,0,79,3,19,3,0,3,152,3,0,3,2,2,0,2,1,2,2,1,0,1,3,0,2,1,3
0,2,4,11,0,0,1,1,59,10,2,0,3,2,179,1,0,2,0,1,1,3,1,3,1,0,2,1,1,2,0,2,5
4,1,0,6,0,4,4,0,68,3,16,2,0,1,169,2,1,0,1,1,0,0,1,2,5,1,2,1,0,1,1,1,2
0,2,2,2,0,1,2,0,88,12,14,1,0,2,152,3,2,1,1,1,0,0,1,2,1,0,1,3,0,1,2,2,1
1,1,0,10,0,2,6,2,51,8,0,5,3,0,171,2,1,0,5,4,1,0,0,0,2,0,8,2,0,8,2,0,5
0,3,5,5,1,2,9,3,61,9,7,3,1,0,146,2,0,0,5,1,1,0,2,2,1,3,8,2,3,7,2,0,6
1,1,10,3,0,1,9,0,58,6,4,4,4,0,173,3,0,1,5,1,0,0,0,0,1,2,7,1,0,0,2,1,2
0,5,10,4,1,1,3,0,51,6,15,2,3,0,169,2,0,0,4,3,1,1,0,1,1,1,6,1,2,1,1,1,4
2,2,4,9,0,5,3,1,63,8,7,1,1,2,162,5,0,1,0,2,1,2,1,1,0,1,3,1,1,4,0,4,3
0,4,6,9,0,2,5,1,55,6,0,3,6,0,165,4,0,1,1,1,0,1,2,2,2,1,3,2,1,5,3,4,5
1,0,3,2,0,3,4,0,88,5,13,1,1,4,154,4,1,2,0,1,0,1,2,1,0,0,2,0,0,3,0,3,1
0,0,3,5,1,0,5,0,56,5,3,5,2,1,176,4,1,0,2,2,1,0,0,2,1,2,6,2,3,6,2,0,4
0,3,4,8,1,3,5,2,54,9,6,6,1,1,173,3,0,2,2,1,1,2,2,0,1,1,1,0,1,4,1,0,2
2,4,4,7,1,1,3,0,68,7,7,3,3,4,147,4,0,3,2,0,0,1,2,2,0,3,7,1,0,2,0,4,8
0,5,5,4,0,3,5,1,27,5,23,3,3,0,186,4,0,1,1,3,0,2,0,5,0,4,0,1,1,4,2,2,0
1,6,6,7,0,2,6,0,52,5,4,4,1,1,161,5,0,1,6,2,0,2,1,4,2,5,4,3,1,4,0,0,4
0,3,6,3,0,2,2,2,78,1,13,1,1,1,163,3,0,1,2,4,0,1,0,0,2,2,0,1,2,1,1,2,2
0,7,3,3,0,3,6,0,39,7,22,3,0,0,177,4,0,0,3,1,1,1,1,3,2,4,3,2,1,1,2,0,1
0,5,8,6,0,2,4,1,41,6,22,2,2,1,173,3,0,1,2,3,1,2,0,2,0,1,4,1,1,4,0,0,2
0,1,2,7,0,2,2,0,90,4,13,1,4,0,147,2,1,1,1,4,0,0,0,3,5,5,1,0,0,1,1,1,1
0,2,7,2,0,4,2,0,46,4,24,0,1,1,178,7,1,1,2,0,0,1,1,2,0,2,4,1,2,2,0,2,1
1,2,2,5,1,2,1,0,55,4,22,1,2,2,181,3,0,1,1,1,0,2,1,1,1,0,1,1,1,1,2,0,2
1,3,4,6,0,1,10,1,66,8,2,2,1,3,157,3,0,0,2,4,2,1,1,0,2,4,2,1,0,5,1,2,5
0,3,2,2,0,4,6,0,60,7,8,3,2,1,164,6,3,0,4,0,0,2,4,4,1,0,2,2,0,5,1,3,1
1,2,4,1,0,1,2,0,78,4,13,0,3,0,164,4,1,1,3,3,0,1,0,3,2,3,0,0,0,2,0,3,1
0,2,6,9,1,5,4,0,62,6,0,4,1,0,161,3,0,1,3,1,1,4,2,2,0,0,5,3,0,5,2,3,4
1,4,5,3,0,4,4,0,47,6,15,4,0,0,166,3,1,2,2,1,1,2,1,3,1,4,4,3,1,3,2,1,6
1,2,5,8,1,3,4,1,42,2,26,4,0,0,168,2,0,0,2,5,1,2,1,5,2,3,1,1,1,4,0,2,1
0,3,6,7,0,1,5,1,59,7,3,3,1,0,166,4,0,0,3,1,0,0,0,0,1,0,5,11,0,6,4,0,3
1,2,5,6,1,2,4,0,53,3,18,4,2,1,171,4,0,0,0,1,0,2,1,3,0,1,1,1,0,3,0,9,1
1,2,1,10,0,3,1,1,69,7,5,6,3,1,155,4,0,1,3,1,0,2,4,1,2,0,6,1,0,3,0,1,6
0,5,5,4,1,3,2,1,47,7,28,3,2,0,169,2,0,0,3,4,1,0,0,2,1,1,2,2,2,3,0,0,0
2,3,7,4,0,0,2,1,58,4,11,2,2,0,178,1,2,0,2,1,1,2,0,2,3,2,3,0,1,1,0,4,1
0,3,3,8,0,4,7,1,57,10,3,3,3,3,147,7,2,2,6,1,1,0,0,4,1,0,8,2,2,4,1,2,5
0,1,3,5,1,4,4,1,32,3,25,1,2,0,196,4,0,1,0,1,1,1,1,0,2,3,4,0,2,1,0,0,1
0,3,8,10,0,2,6,3,57,7,10,5,2,0,149,2,0,1,0,6,0,2,1,3,1,2,7,1,2,3,3,2,2
0,2,5,2,1,4,2,0,34,4,29,3,2,1,187,3,1,1,2,3,1,0,1,0,1,0,3,0,0,5,0,2,1
1,6,4,6,0,4,4,0,63,9,9,0,3,1,158,2,0,2,3,4,0,0,0,1,3,1,0,4,1,6,1,1,3
0,1,2,1,0,2,3,1,62,4,27,1,1,1,173,2,1,2,3,0,0,3,0,1,0,2,2,0,1,2,1,1,0
2,3,3,4,0,1,4,1,36,7,24,1,0,0,189,2,2,4,1,1,0,0,1,1,3,4,0,1,0,0,1,1,3
0,4,2,5,0,3,6,1,60,6,12,3,2,1,169,3,0,2,1,3,3,1,1,0,1,1,1,0,0,4,0,4,1
0,1,4,10,0,2,8,1,57,6,4,8,3,1,161,3,0,0,4,1,0,0,0,0,2,3,5,2,1,5,1,2,5
1,3,7,3,0,3,8,0,61,6,1,5,1,1,159,3,2,1,7,5,0,2,1,2,2,2,1,1,1,2,0,4,5
2,4,3,6,0,1,3,1,53,9,10,2,2,1,171,3,1,0,1,1,3,0,1,0,2,4,6,1,0,5,2,0,2
0,3,3,5,0,2,3,0,54,7,11,4,0,2,174,3,1,1,0,1,0,2,0,3,4,5,2,0,0,1,2,5,2
2,6,4,3,0,1,4,1,41,4,23,2,1,0,181,6,3,1,0,3,0,1,0,0,2,1,1,3,0,4,1,1,0
1,6,4,4,2,1,1,1,52,3,27,1,0,2,172,4,1,0,3,4,0,1,0,0,1,0,0,1,0,4,0,4,0
1,1,4,5,0,1,2,1,49,3,15,2,2,2,182,0,1,1,2,3,1,0,2,0,3,2,7,2,0,0,1,1,4
3,2,2,3,1,3,3,1,68,2,17,1,2,1,163,3,2,1,1,3,0,0,0,3,2,4,3,2,0,2,0,1,1
1,4,3,4,1,3,5,1,50,9,11,2,1,0,170,1,2,0,3,0,1,1,6,0,0,1,3,0,0,9,1,0,7
2,1,5,5,2,3,2,0,91,4,20,3,1,0,136,4,0,0,0,3,0,0,2,3,3,0,2,3,1,0,0,1,3
0,3,3,3,0,2,1,0,85,3,15,0,1,0,167,1,0,1,1,1,1,0,1,2,0,0,1,1,1,2,1,1,2
0,4,5,5,0,2,3,3,57,3,12,7,0,0,173,0,1,2,2,3,1,0,0,0,1,0,0,3,4,1,2,1,5
3,0,6,4,1,0,7,3,68,4,1,3,1,1,171,1,0,1,2,2,1,1,0,2,1,4,4,1,0,3,1,0,3
2,2,2,9,0,1,11,3,62,7,1,6,0,5,156,2,3,1,6,0,0,0,0,1,0,0,7,1,1,4,0,1,6
2,3,5,5,2,1,4,0,33,7,19,3,0,2,186,0,0,4,1,0,1,0,3,6,1,0,1,3,0,2,2,4,0
3,0,3,2,0,3,2,0,44,4,28,3,0,0,183,3,0,0,1,2,0,0,1,2,0,2,1,1,1,5,2,2,2
1,7,3,7,0,0,8,2,64,6,5,1,0,0,154,3,0,0,1,1,0,0,1,1,3,4,10,3,1,7,4,1,2
3,3,7,4,0,0,5,0,58,14,2,5,4,2,162,5,1,1,2,0,0,1,1,1,0,0,7,1,3,5,0,0,3
0,3,7,3,0,3,5,0,48,4,27,2,2,0,168,0,1,2,0,0,0,2,2,0,0,2,3,6,1,5,0,0,4
2,3,3,4,1,3,1,0,54,7,17,3,2,0,162,2,0,4,2,1,3,5,4,3,2,1,2,3,0,1,0,4,1
4,4,3,5,0,1,6,3,49,7,7,3,0,4,183,2,0,0,1,0,1,0,1,0,0,1,5,0,0,3,3,1,3
2,4,6,2,2,4,4,1,67,4,16,5,2,3,147,4,3,0,4,0,0,0,2,0,1,0,1,3,3,4,1,3,2
0,6,5,10,2,1,4,1,46,5,7,2,2,0,177,3,0,1,8,2,0,1,1,1,1,3,4,1,0,2,0,1,3
2,1,3,3,2,0,4,0,60,5,6,2,2,1,180,1,1,0,4,1,0,1,2,3,0,4,3,0,1,4,0,1,3
2,6,4,10,0,2,2,1,49,4,4,4,3,2,175,2,0,1,3,1,0,1,3,2,1,0,1,0,0,4,2,5,6
2,2,4,5,1,0,4,2,52,8,21,1,3,3,166,2,0,2,1,1,0,2,1,2,0,3,4,0,0,1,1,5,1
2,3,2,4,1,0,6,0,50,6,17,1,4,3,176,2,1,1,2,4,0,0,0,3,2,0,1,0,0,6,1,1,1
1,1,7,3,1,2,1,2,58,6,10,2,1,1,172,3,1,0,3,4,1,1,1,0,3,3,1,0,2,5,1,1,2
0,3,7,8,0,5,13,2,50,3,7,7,1,0,167,5,0,0,2,1,0,1,0,0,1,1,4,2,3,2,0,2,3
0,3,1,3,0,3,0,0,55,4,10,2,2,0,188,2,0,1,0,3,0,1,3,1,2,2,3,6,1,1,1,1,1
4,1,2,3,0,2,5,1,48,6,13,2,1,0,178,4,1,5,3,3,2,0,3,3,0,3,1,1,1,1,1,0,2
1,0,6,11,1,0,3,1,44,4,18,2,1,1,166,7,1,1,2,0,0,1,0,3,2,2,3,4,1,4,0,6,4
0,5,2,5,1,1,6,1,49,8,22,1,2,0,172,1,0,0,5,2,1,0,0,2,0,0,4,2,1,3,1,2,1
1,0,4,6,0,4,2,0,82,9,23,1,3,0,136,2,0,4,3,2,0,0,1,1,2,1,0,4,0,5,1,1,2
2,3,5,2,0,4,5,0,53,6,6,5,0,0,177,5,0,2,2,1,1,0,0,1,5,2,5,0,1,2,2,1,2
0,4,1,2,0,1,3,1,41,7,29,1,3,2,179,2,0,2,1,1,0,0,2,3,1,2,1,0,2,2,2,1,4
1,2,3,5,0,5,6,1,57,11,11,4,2,1,165,5,1,1,2,2,1,0,1,0,1,1,1,0,2,3,2,1,2
0,6,2,8,1,4,4,2,63,4,5,2,5,1,158,4,1,0,2,2,1,0,1,2,1,0,6,4,1,4,1,0,5
1,1,3,10,0,4,9,0,51,3,1,1,3,2,178,1,1,0,2,1,0,4,1,3,0,0,1,0,4,5,3,3,4
1,4,5,2,0,1,6,0,38,4,17,6,1,2,186,2,0,0,3,3,1,1,4,2,0,1,1,5,0,2,0,0,2
0,4,8,9,0,1,5,1,48,3,5,5,0,0,179,4,0,0,4,5,0,1,1,1,2,2,4,0,0,4,1,0,3
0,2,8,10,1,3,2,1,49,5,5,0,5,0,173,4,0,2,1,1,1,1,3,1,3,1,6,1,0,3,4,2,2
0,2,4,4,0,3,7,2,54,3,1,3,4,1,183,3,0,0,3,2,1,0,0,0,3,2,3,3,1,3,1,0,4
0,4,5,11,4,1,8,2,60,3,4,4,2,1,154,2,2,1,4,1,2,1,1,5,0,0,4,2,1,4,1,2,4
0,6,1,4,1,2,7,0,55,2,12,3,1,1,179,2,1,0,2,4,1,0,1,1,1,0,4,4,1,1,3,0,0
4,3,6,4,0,5,4,0,53,7,12,5,3,1,172,5,1,1,0,1,0,0,0,1,3,0,2,1,0,3,1,2,0
2,2,8,2,0,4,2,1,50,4,19,0,0,2,182,3,0,2,1,2,1,1,0,3,1,1,0,0,1,3,0,1,2
2,2,6,8,1,2,10,1,61,4,9,2,0,0,173,1,0,0,1,1,0,0,0,3,1,0,2,2,0,1,4,0,3
1,5,3,6,0,4,3,0,44,1,23,2,1,1,184,6,0,1,0,1,0,0,1,1,2,1,3,0,0,2,2,2,0
3,3,4,4,1,2,3,1,49,5,25,1,1,1,168,5,0,2,0,2,0,0,3,3,2,1,2,0,1,2,1,4,1
2,4,1,7,0,1,5,0,63,6,12,3,0,1,169,3,0,3,2,1,1,1,3,1,2,0,4,0,1,2,1,0,1
1,3,3,7,0,2,3,1,68,4,18,4,3,2,158,4,0,1,1,2,0,1,0,3,2,1,3,1,1,2,0,1,0
0,4,1,1,0,2,7,1,52,4,24,3,3,2,178,2,0,1,1,1,0,0,0,0,2,2,1,0,0,3,0,1,4
2,2,2,3,0,3,2,0,61,4,18,1,2,1,173,3,1,4,0,1,1,2,1,0,1,2,1,6,0,0,0,2,1
2,1,2,2,1,2,4,1,91,7,16,1,3,0,141,1,0,1,0,1,0,3,2,6,3,1,2,3,0,1,0,2,0
0,5,7,6,0,1,5,0,56,2,10,1,0,0,177,3,1,0,3,1,0,0,1,0,3,3,3,4,1,1,2,1,3
2,1,5,6,2,3,6,1,57,5,4,4,1,3,165,5,2,1,4,1,0,1,0,5,0,1,3,1,0,5,1,4,1
1,1,3,2,0,2,5,0,34,7,22,1,2,0,190,4,0,2,0,3,1,2,1,2,2,2,0,3,2,2,0,2,2
1,3,1,6,1,4,4,0,55,13,3,1,1,2,160,1,1,1,5,0,0,4,1,1,2,0,6,1,2,10,1,3,6
1,6,3,4,1,2,3,2,39,10,19,3,2,2,179,2,3,3,1,0,1,1,2,1,0,2,1,0,2,1,2,1,1
0,4,2,4,0,3,3,0,66,5,16,1,1,1,176,3,0,1,0,1,0,0,3,1,1,1,3,0,1,0,0,3,0
1,1,4,5,0,1,0,0,85,3,15,2,3,0,155,4,1,1,3,1,0,1,0,2,1,2,1,0,0,1,3,4,0
1,4,0,4,1,1,3,1,79,4,11,3,0,0,163,3,0,1,0,1,1,1,3,0,2,4,2,1,0,1,1,1,3
1,4,0,9,1,3,7,2,61,4,5,4,2,2,158,6,0,2,2,0,1,0,0,0,1,2,5,2,0,9,1,2,4
0,3,9,4,0,0,4,2,63,8,3,5,6,1,156,3,1,0,4,5,2,0,0,0,0,5,5,2,1,2,2,1,3
1,4,1,3,0,2,4,1,79,4,13,1,0,0,155,1,1,0,3,1,0,2,1,2,1,3,5,2,0,2,2,2,4
0,4,4,4,2,2,3,0,72,5,18,1,1,1,153,3,2,1,1,1,0,1,5,2,2,2,3,0,0,0,0,5,2
1,3,0,9,0,1,1,0,57,6,23,3,1,1,164,4,1,0,0,1,0,3,4,6,2,0,1,1,2,3,1,1,0
0,5,2,4,1,1,3,0,37,8,20,1,3,1,176,3,2,2,0,3,1,2,3,3,2,1,2,6,0,3,1,1,3
1,2,2,5,0,3,5,0,75,4,23,3,0,0,150,2,2,0,0,3,1,0,0,1,1,1,3,4,2,2,2,3,0
0,2,0,1,1,0,4,0,66,6,18,2,0,0,172,2,0,0,1,0,2,2,1,5,2,1,2,2,1,1,1,4,1
1,2,6,7,0,5,3,0,62,5,24,4,4,1,142,6,1,0,2,3,0,1,1,0,4,2,7,0,1,4,0,0,2
1,3,8,6,0,6,1,1,44,6,24,1,2,1,178,3,0,0,1,1,0,0,2,1,3,1,0,4,0,0,0,0,2
0,4,3,4,1,1,9,1,38,6,27,2,1,1,175,1,1,1,1,1,0,3,0,2,1,1,2,2,1,3,2,3,2
0,5,5,6,0,0,3,3,60,4,15,8,4,0,154,2,0,2,4,0,0,1,3,0,2,1,5,2,0,5,2,2,2
0,1,2,2,1,2,4,1,72,3,15,2,1,1,171,1,0,1,0,2,0,0,2,3,2,1,0,3,0,0,2,2,3
2,2,5,7,1,0,2,2,59,4,4,0,1,0,183,3,0,1,1,4,0,0,0,1,1,2,4,3,0,3,1,1,3
1,3,3,9,0,3,7,4,50,3,6,1,2,0,171,4,1,2,5,2,1,1,2,5,0,0,3,2,2,5,0,0,2
2,0,3,4,1,2,4,0,52,5,26,2,2,1,172,1,2,2,1,0,1,0,1,2,0,0,2,1,1,2,2,2,4
0,6,6,7,0,3,4,1,51,10,1,4,3,0,167,5,1,2,2,4,0,0,1,0,1,4,6,0,2,2,0,2,5
3,4,1,4,0,1,2,0,113,5,7,1,3,0,137,2,1,1,0,0,1,1,1,2,0,3,0,0,1,3,0,2,1
3,5,5,9,0,2,10,0,60,10,12,1,3,1,147,7,0,1,2,2,2,0,2,1,2,1,2,5,1,1,1,0,2
1,7,1,4,0,3,3,0,55,6,9,0,1,2,184,3,1,2,0,2,2,1,0,0,2,2,3,0,0,1,0,3,2
2,4,2,6,2,2,2,1,63,7,16,1,3,0,160,1,0,2,2,0,1,2,1,0,3,4,1,1,1,4,0,5,1
0,5,7,7,0,1,5,3,64,4,8,1,0,0,156,3,1,3,5,1,0,2,1,0,3,3,9,2,1,1,1,2,1
3,6,5,4,1,3,2,1,58,7,13,0,4,2,168,6,0,2,3,2,1,2,0,0,0,0,2,1,0,1,1,2,0
1,0,3,4,0,2,6,0,70,6,3,2,1,3,167,1,0,6,3,0,1,2,1,2,0,1,3,0,0,3,3,3,3
0,3,6,4,1,4,7,5,53,9,4,3,1,0,164,0,0,0,6,1,0,1,0,1,3,2,9,2,3,2,1,2,3
1,2,6,9,0,1,6,1,54,11,6,2,3,1,176,0,0,1,2,1,0,1,0,3,0,0,5,1,0,2,1,1,3
1,1,3,2,0,2,3,0,72,4,20,0,0,0,171,3,1,1,1,2,0,1,2,1,0,2,2,4,1,0,0,0,0
0,5,4,6,0,1,6,0,39,6,23,2,3,0,179,1,1,2,2,3,0,1,2,2,2,2,0,0,2,1,2,1,2
0,2,4,2,1,1,4,2,54,6,21,4,0,3,166,4,0,1,1,0,0,0,0,1,3,1,3,4,1,4,1,2,4
0,0,5,5,0,4,4,0,68,2,18,0,1,2,160,3,0,0,3,2,2,1,1,3,0,0,1,2,1,1,3,5,3
0,3,3,7,0,2,7,2,69,7,5,2,1,0,162,0,0,2,3,0,0,1,0,1,3,2,6,1,1,4,1,1,4
2,3,6,8,3,3,9,0,38,8,14,3,0,0,167,5,2,0,2,4,0,1,2,3,0,2,3,3,1,5,0,1,2
0,2,6,8,0,1,4,2,63,7,4,3,1,0,166,1,0,1,5,3,0,0,0,1,3,2,2,6,1,1,0,0,7
1,2,3,6,2,2,3,0,56,3,14,2,1,4,166,6,0,1,0,2,1,0,4,3,2,3,2,2,0,1,3,2,3
3,2,3,4,1,4,0,1,46,3,25,2,3,1,172,8,0,1,0,2,0,0,2,1,0,4,2,2,0,3,1,4,0
0,1,3,4,0,1,2,2,55,8,17,5,0,1,165,5,1,3,1,2,0,0,2,1,3,1,4,3,1,1,2,2,4
1,3,2,3,0,1,7,0,56,9,17,4,1,0,172,2,0,1,0,3,1,0,1,2,3,1,2,3,2,1,0,0,2
1,1,7,2,1,3,5,1,58,5,8,4,2,1,174,3,2,0,0,6,0,1,1,0,6,0,2,3,0,0,1,1,1
2,1,2,3,1,2,1,1,68,4,20,1,2,2,158,6,1,1,2,1,0,3,2,5,0,2,0,1,0,3,2,2,1
1,1,3,9,1,0,4,0,55,5,1,6,2,1,181,6,0,2,2,0,0,2,2,1,0,0,4,0,1,2,0,2,6
0,3,3,1,0,3,4,2,62,4,17,2,2,0,169,2,4,3,2,2,0,0,0,0,2,3,5,0,0,1,0,2,2
2,3,6,1,0,2,6,1,53,3,22,0,1,0,163,2,0,2,0,0,1,1,5,3,0,3,5,2,2,1,3,3,4
2,1,3,2,0,1,3,0,67,7,17,3,2,1,165,1,1,0,0,1,2,4,1,1,5,1,2,1,0,4,0,2,0
2,1,1,4,0,1,2,2,90,4,25,3,1,1,143,3,0,3,3,0,1,1,0,3,0,0,0,2,1,0,0,3,0
1,6,2,4,0,2,3,0,59,3,27,4,0,0,159,2,0,5,2,0,1,0,2,1,2,2,3,2,0,6,1,1,0
0,2,6,2,1,2,2,0,81,6,12,0,0,2,163,1,2,0,0,0,0,1,2,2,1,1,4,4,0,2,1,0,0
1,4,2,6,0,1,6,2,39,3,20,0,1,2,182,6,2,1,0,4,0,0,1,3,2,3,2,2,0,1,2,2,0
3,7,4,3,0,5,2,0,54,6,20,1,0,0,166,0,2,3,1,2,0,0,0,4,1,2,7,2,0,1,1,1,2
2,2,2,2,1,2,0,0,85,7,25,1,0,0,151,2,0,0,1,1,2,3,1,4,0,0,1,2,0,0,0,1,2
0,3,5,2,0,5,3,0,49,6,22,2,0,3,174,6,0,0,1,0,1,0,0,1,1,0,4,2,1,5,0,3,1
2,1,5,6,1,1,4,3,67,4,3,1,1,0,164,2,1,1,5,1,1,1,1,1,1,4,7,1,0,6,1,0,3
0,5,4,2,2,2,2,0,44,5,21,1,1,0,188,5,2,1,1,2,0,0,0,1,0,0,4,2,1,1,2,0,1
0,4,8,4,0,1,12,3,49,8,9,5,2,2,167,4,0,4,3,0,0,0,1,5,0,0,2,1,0,3,0,0,3
0,3,6,5,1,3,2,2,69,7,17,0,4,0,152,2,0,2,3,3,0,1,0,1,2,2,4,1,1,5,0,2,0
1,1,2,4,0,1,4,1,58,11,11,2,5,3,165,1,0,2,2,0,0,2,2,0,2,3,2,2,1,4,3,2,3
2,2,5,5,0,1,1,0,50,7,9,0,0,2,174,3,1,3,3,4,2,0,3,1,6,2,5,1,0,2,2,2,2
2,1,4,7,1,5,6,1,65,4,14,2,1,1,165,4,1,0,2,3,0,0,1,0,3,1,0,1,0,0,0,4,1
0,3,3,5,0,1,5,2,75,1,19,2,1,4,155,2,0,1,0,2,1,1,4,0,2,1,3,0,1,0,0,4,2
0,5,0,3,0,2,1,1,77,7,20,2,0,0,155,2,1,0,0,4,0,1,1,4,1,0,1,2,0,4,0,4,2
2,3,7,6,0,0,4,1,82,7,15,2,0,1,151,5,0,0,1,1,0,0,0,0,1,2,0,0,0,3,1,1,4
1,2,2,7,0,3,3,0,82,10,11,1,5,0,155,1,1,1,0,0,0,0,0,5,2,0,0,1,0,2,1,2,2
0,0,3,4,2,3,1,2,87,6,14,0,2,1,151,2,1,0,1,1,2,0,4,2,0,1,1,2,0,2,2,2,1
1,4,2,7,0,4,2,1,37,5,18,1,3,1,195,3,1,1,0,0,0,1,0,0,2,2,3,0,1,3,0,0,2
1,3,7,6,0,2,8,1,53,8,7,6,0,3,156,0,0,4,3,3,0,0,0,4,0,1,5,1,1,5,2,5,5
0,4,3,2,2,1,1,1,56,3,16,1,0,1,183,2,1,0,2,1,0,1,0,1,1,3,0,3,1,3,1,3,3
0,2,3,5,0,3,2,0,81,2,14,0,1,0,155,5,0,0,0,3,0,2,3,2,1,4,1,1,0,6,1,2,1
2,3,5,0,1,3,2,0,50,8,18,0,0,1,190,2,0,0,0,1,1,0,1,3,0,2,2,2,1,1,0,1,0
0,4,4,2,0,2,3,2,101,6,14,1,3,1,134,2,0,3,1,0,1,1,1,0,2,4,1,1,0,1,0,3,2
0,8,8,6,1,1,6,1,47,5,3,0,4,1,163,3,0,0,4,1,0,1,1,1,7,2,8,2,2,4,3,1,6
0,4,8,10,0,2,4,3,66,9,4,2,3,1,158,1,2,1,1,2,0,0,2,0,3,2,2,1,2,5,1,0,1
0,2,3,7,3,1,2,3,54,8,11,2,3,1,172,2,1,0,1,2,2,0,0,0,1,0,6,3,2,3,1,0,4
1,1,4,7,0,2,4,1,68,2,13,2,2,1,169,5,0,2,0,0,0,1,2,2,1,2,1,0,0,1,1,3,2
2,2,2,6,0,4,6,2,59,12,7,7,0,0,163,4,1,2,1,1,0,1,2,0,0,0,4,0,1,1,2,3,5
0,0,4,5,1,2,7,2,46,6,3,5,1,2,174,3,2,0,6,0,0,1,4,4,1,3,4,3,3,4,0,2,2
1,4,1,8,0,1,4,0,66,6,25,1,2,3,153,1,0,0,2,4,1,1,0,1,0,3,2,4,1,4,0,0,1
1,2,7,7,2,4,2,0,51,9,17,2,0,4,173,2,0,2,2,0,0,1,1,1,1,1,3,2,0,3,0,0,0
2,1,5,6,0,1,7,3,77,4,5,1,4,1,159,5,0,3,1,1,0,1,0,3,1,1,1,0,2,1,0,1,3
2,7,7,15,0,0,5,2,48,6,5,2,3,0,161,1,2,0,3,1,1,0,1,2,2,4,8,0,2,3,0,1,6
1,4,3,4,2,3,5,1,69,6,16,1,0,1,140,3,3,2,1,5,2,0,9,2,1,1,2,1,0,3,1,5,3
1,3,4,5,0,1,3,3,71,4,4,6,3,0,167,1,0,2,3,4,0,2,0,0,2,0,6,2,0,1,0,0,2
3,2,5,7,0,2,2,1,58,8,21,2,3,0,163,3,0,0,0,3,2,1,0,1,0,2,1,4,0,1,1,3,1
1,3,2,10,2,1,5,0,59,2,5,7,1,0,164,2,0,0,4,2,1,0,0,2,2,2,5,2,1,7,1,1,6
0,2,4,2,0,5,5,1,44,7,17,2,1,2,191,3,1,0,0,1,0,0,0,1,0,1,2,0,2,2,3,1,0
1,3,3,10,0,0,3,1,56,12,8,5,4,0,160,2,2,1,0,2,1,0,3,3,2,1,4,2,2,3,1,1,4
1,4,7,5,0,3,5,0,53,6,5,4,1,0,158,4,1,2,0,4,1,3,3,1,4,2,5,0,3,2,2,6,5
0,2,3,1,0,1,4,0,53,6,12,2,0,2,174,7,2,1,5,0,0,2,1,2,0,2,5,2,0,1,2,3,5
1,3,5,4,1,2,4,0,57,4,10,0,1,0,176,1,1,2,2,3,0,0,0,1,2,1,6,5,1,2,2,2,1
1,4,5,10,0,3,5,2,37,6,27,4,2,3,154,3,0,0,8,3,0,2,2,2,2,1,7,2,0,1,0,3,1
4,5,5,2,0,0,3,1,64,6,6,4,3,1,165,3,0,1,3,4,0,1,1,1,1,3,2,2,1,2,0,4,2
0,4,2,5,0,3,2,3,58,7,2,4,5,0,169,1,0,0,3,2,0,1,1,2,2,5,8,1,1,4,1,0,4
2,4,6,5,0,3,9,0,62,2,2,3,2,1,169,0,1,3,8,1,1,0,0,0,0,2,5,0,0,1,1,1,6
1,2,6,3,2,2,3,1,64,4,10,2,2,0,168,4,0,2,1,2,0,2,0,0,3,1,6,3,1,1,1,2,1
0,2,7,12,0,2,5,1,54,5,5,2,0,1,168,8,1,1,2,1,1,0,1,0,0,0,3,2,1,6,2,3,4
1,1,5,4,1,2,6,0,54,6,3,7,5,3,166,2,2,3,3,1,0,3,3,3,0,1,7,0,0,3,2,0,3
0,8,3,5,0,1,4,2,48,5,10,2,1,1,177,0,1,0,1,7,1,0,0,0,4,4,5,2,0,4,0,2,2
2,2,4,4,0,1,5,1,53,7,20,3,2,1,164,3,0,3,2,0,1,0,3,5,1,1,4,2,2,1,1,1,1
1,1,4,3,1,2,1,1,83,7,13,5,0,0,154,4,0,0,1,2,0,0,0,1,2,0,4,1,1,1,2,3,2
2,2,3,4,0,1,4,0,64,6,21,3,0,1,162,1,1,0,1,3,1,1,0,2,0,2,0,4,1,4,2,0,4
1,2,1,8,0,3,3,1,65,1,7,4,0,0,178,2,1,0,2,1,0,0,1,1,0,2,3,3,1,5,1,1,2
1,3,0,2,1,1,10,0,67,10,10,4,2,0,155,1,1,0,2,1,1,1,1,1,1,0,8,2,2,8,0,0,4
1,1,4,3,0,0,4,1,63,7,1,2,2,0,166,4,0,1,6,2,1,1,1,0,5,3,4,2,1,8,1,1,4
1,2,3,8,1,2,8,1,51,5,22,6,1,2,159,3,1,0,2,2,1,2,1,1,1,1,0,1,0,6,2,2,2
1,3,2,3,0,1,3,0,57,5,21,1,1,1,180,3,0,2,0,3,2,0,0,0,3,1,1,1,1,3,1,0,0
1,6,7,2,0,3,1,0,87,4,13,4,0,0,151,0,0,2,0,1,0,1,1,2,0,3,1,3,1,2,0,2,2
0,1,3,7,0,1,8,1,66,7,3,2,2,0,168,2,0,1,5,2,1,1,0,1,4,1,5,2,0,3,0,0,3
0,5,6,5,1,3,8,0,43,7,19,2,1,2,172,3,0,1,1,4,0,0,1,0,6,1,3,4,0,1,0,0,1
0,3,5,6,1,0,3,1,57,10,7,2,1,1,174,0,0,1,1,3,2,0,4,1,0,0,6,3,0,4,1,3,0
0,3,0,12,1,1,6,2,42,7,2,3,3,0,187,2,0,0,4,5,1,1,0,0,5,1,8,1,1,0,0,1,1
5,2,3,5,0,0,7,0,62,4,5,2,2,2,171,1,0,4,3,2,0,2,4,2,0,1,2,0,1,3,1,0,4
0,5,1,2,0,1,2,2,38,8,16,1,2,1,184,8,1,1,1,4,1,2,0,1,0,3,2,4,1,3,0,2,3
4,1,1,6,0,1,1,2,45,3,2,3,3,1,185,1,0,0,2,0,0,4,2,3,1,0,7,1,3,4,3,2,9
0,7,3,4,0,2,4,1,46,5,21,0,4,0,172,5,1,1,1,2,0,0,1,2,3,1,3,0,1,5,2,3,0
0,1,6,9,0,1,10,2,51,9,5,3,1,0,173,2,1,0,0,4,1,0,0,1,0,3,4,4,1,1,0,1,6
3,5,3,6,0,0,2,1,73,7,3,2,0,1,160,2,0,6,5,0,0,3,2,2,0,1,4,1,0,4,0,1,3
0,1,4,7,0,4,2,2,75,4,12,5,0,0,162,2,0,2,0,2,0,0,1,3,3,0,2,1,0,2,1,3,0
0,2,5,1,0,8,3,2,46,3,23,3,1,1,176,3,1,1,2,2,1,0,3,0,3,1,1,1,0,4,1,0,2
1,2,3,2,0,5,5,0,61,5,17,2,2,1,172,1,1,1,5,0,0,1,3,2,1,1,0,2,0,3,0,1,0
0,4,6,3,0,3,8,1,59,5,7,5,2,0,169,4,2,0,2,4,0,3,0,0,3,1,1,1,2,1,1,1,2
0,3,4,6,1,3,2,0,63,8,17,4,1,0,167,2,1,1,0,3,0,0,2,1,0,2,0,3,0,3,0,3,0
1,1,0,4,0,0,6,0,59,3,16,1,3,2,176,2,1,0,3,2,3,2,0,0,2,3,0,2,0,3,1,2,2
1,2,5,3,0,0,6,1,76,3,18,8,4,2,147,3,0,1,0,2,2,3,1,1,2,1,2,1,0,3,0,1,1
1,2,3,1,0,2,6,0,85,5,26,2,3,0,138,1,0,1,3,2,0,1,2,1,3,4,1,2,0,2,2,0,1
1,2,3,4,0,6,3,0,37,3,22,4,2,2,184,5,1,3,1,2,0,0,0,0,1,0,2,2,0,4,2,3,1
2,4,3,10,0,3,3,1,59,2,12,2,0,3,166,3,0,4,2,0,0,2,1,0,1,1,6,2,0,1,1,5,1
2,2,4,6,2,3,4,3,53,4,7,3,0,4,171,5,1,4,1,2,0,2,2,4,0,2,0,0,1,3,1,3,1
0,3,4,6,1,3,4,1,59,6,21,1,2,1,161,2,1,2,1,0,1,1,3,4,2,0,2,0,0,5,0,1,2
0,1,3,2,0,2,3,0,64,11,13,2,0,3,165,5,2,1,0,1,1,1,1,3,3,2,2,2,1,1,1,0,4
2,2,2,1,2,2,5,0,64,3,16,1,0,0,177,1,0,0,1,2,1,1,3,4,2,3,0,1,0,0,1,1,2
0,5,6,5,0,2,2,1,49,5,23,4,3,1,164,3,0,0,1,2,1,0,0,2,3,2,4,1,0,3,2,1,5
0,4,2,6,0,0,6,0,56,9,2,7,0,1,161,3,0,3,4,0,0,2,2,3,0,1,7,3,1,6,1,3,7
1,0,4,3,0,1,3,1,56,3,26,2,2,1,168,1,0,1,1,2,1,1,1,2,4,2,4,2,0,3,0,2,2
1,3,4,5,1,1,1,0,46,2,17,2,2,0,177,4,1,1,2,4,0,2,0,2,4,0,5,2,0,6,0,4,1
1,1,9,5,0,1,3,0,64,6,26,2,1,0,158,2,2,0,0,0,2,1,2,2,2,0,1,3,1,2,0,1,2
1,2,6,6,0,0,7,0,67,7,2,2,1,0,161,5,2,2,2,0,0,2,0,0,4,1,7,1,2,1,3,2,4
1,1,2,5,1,1,2,0,65,6,10,4,1,1,175,1,2,0,4,2,0,2,1,0,1,2,1,0,0,1,2,4,2
1,2,4,1,0,1,0,0,108,6,13,0,0,0,145,1,0,3,1,1,0,1,1,1,3,4,1,0,0,1,0,1,0
1,1,9,6,2,1,3,1,71,5,1,1,2,1,170,3,0,1,1,3,0,0,1,0,2,4,0,3,2,2,1,0,2
0,3,5,3,1,0,2,1,60,7,14,5,1,4,173,4,1,1,2,0,0,1,0,0,1,4,0,0,0,2,1,2,2
1,2,6,7,0,3,0,0,76,8,7,6,3,0,161,4,1,1,2,1,0,3,0,0,1,0,0,2,0,2,1,2,0
1,3,3,4,0,3,5,0,33,5,27,0,1,1,179,5,1,3,0,5,0,1,1,2,1,1,1,5,1,2,2,2,2
0,3,5,3,0,2,2,1,75,7,18,1,0,1,158,3,1,1,1,1,3,2,1,2,0,2,1,1,1,3,0,0,1
0,5,8,6,1,6,8,0,57,7,8,2,1,0,150,4,0,3,5,2,0,1,2,0,2,2,4,3,3,6,0,1,3
1,2,1,5,1,2,6,2,53,11,17,4,0,2,163,2,1,1,3,1,2,0,3,0,0,2,3,2,0,2,2,5,1
0,5,2,8,0,3,8,0,68,7,16,1,0,2,148,5,0,0,1,1,2,0,0,1,5,1,3,2,0,6,2,0,3
1,1,4,9,0,2,1,1,51,6,3,2,1,1,191,2,0,1,2,1,0,1,1,1,0,1,6,0,0,4,2,1,3
4,1,8,5,1,2,7,1,63,7,11,2,0,1,151,3,0,2,3,1,0,4,4,3,2,2,3,1,0,1,1,2,4
0,3,3,3,0,0,3,1,79,3,15,1,2,1,171,2,1,0,0,1,0,1,1,0,4,0,1,1,0,1,0,0,2
0,1,5,6,0,3,4,0,55,6,28,4,1,0,163,5,0,2,0,1,0,1,1,0,2,2,1,1,0,3,1,0,4
1,0,4,2,1,2,1,0,103,4,14,3,0,2,141,5,0,0,0,2,0,2,1,2,1,1,1,2,0,1,1,1,2
0,8,3,6,0,1,4,1,56,10,11,3,3,0,169,0,1,1,0,0,0,0,1,4,1,3,3,0,1,7,1,1,1
1,3,5,10,1,3,5,2,59,9,3,0,1,0,166,3,0,1,3,3,0,0,0,1,2,0,5,3,0,2,1,1,7
0,0,3,2,0,4,4,0,78,3,10,2,2,1,162,2,2,2,1,1,0,1,0,1,2,2,1,1,2,2,4,3,2
3,2,4,3,0,1,1,0,68,2,16,2,1,5,169,4,1,2,1,1,1,1,2,2,1,1,0,1,0,1,2,0,2
1,6,2,5,1,1,4,2,45,10,9,5,1,0,188,1,1,3,1,2,0,1,1,1,0,2,4,0,0,0,0,1,2
0,4,3,4,0,2,5,1,60,5,5,2,2,3,175,4,0,2,1,0,0,0,1,2,0,0,4,3,0,3,4,3,2
2,2,8,2,0,2,1,2,83,9,19,1,1,0,144,5,1,1,2,0,0,1,1,0,1,1,1,2,0,4,2,2,0
3,3,3,2,1,1,5,1,61,8,13,2,5,0,165,4,1,0,2,2,0,2,2,2,1,1,4,0,1,1,1,1,2
1,3,4,9,1,3,2,1,49,3,16,4,3,1,163,3,1,2,3,2,1,1,0,2,0,0,5,4,3,3,0,1,6
1,5,3,5,1,3,4,3,57,5,29,2,1,0,157,3,1,1,0,3,0,0,2,0,3,0,5,0,0,4,0,0,2
1,5,2,3,0,1,3,0,33,3,24,5,1,1,196,3,2,1,1,0,0,1,1,0,2,0,0,3,0,4,1,1,2
1,4,5,8,0,3,5,1,54,6,3,4,1,0,171,4,0,0,2,0,1,1,3,1,1,2,5,1,3,4,2,2,2
1,4,1,5,1,2,2,2,76,2,21,0,2,0,158,5,2,2,0,0,0,0,2,1,1,1,5,0,1,1,1,1,0
2,2,2,2,0,7,3,1,44,10,20,2,1,1,177,4,2,0,0,0,1,0,3,1,1,2,2,1,0,4,0,2,3
3,0,4,3,0,1,9,0,52,8,23,4,1,1,163,4,0,0,2,3,0,1,2,2,0,1,2,3,0,2,1,2,3
1,1,5,6,2,3,3,1,68,2,13,2,1,2,166,2,0,1,1,2,3,0,2,1,1,1,2,3,1,1,0,2,1
0,3,3,5,0,1,4,1,61,6,4,4,3,1,166,7,1,0,3,5,0,0,0,1,3,0,7,0,2,4,0,0,5
3,1,5,6,1,1,4,0,69,6,12,3,1,1,158,2,0,1,1,3,2,2,3,1,2,0,2,1,1,5,0,3,0
0,0,3,3,0,2,2,0,94,2,19,2,0,0,156,3,1,1,0,0,0,0,1,1,1,1,1,3,0,2,1,1,0
2,2,5,3,0,4,4,0,44,2,19,6,2,4,175,4,1,3,5,0,0,1,2,1,1,2,1,0,0,3,1,2,1
0,5,7,8,2,2,5,0,58,7,8,3,3,0,174,1,0,0,1,2,1,0,0,2,1,1,3,0,2,1,1,2,0
0,3,1,6,0,1,3,2,66,2,14,3,3,1,166,2,0,1,0,2,1,1,1,1,3,1,1,7,1,2,0,0,5
1,4,6,3,1,0,5,3,54,11,3,2,2,0,167,1,1,1,3,2,2,0,0,2,3,5,8,2,1,2,2,0,3
0,2,8,4,0,2,2,3,63,10,7,2,2,1,159,5,0,0,1,2,1,2,1,1,1,0,5,1,3,5,2,2,3
0,0,2,4,0,0,7,1,60,4,1,4,3,1,174,3,0,0,4,1,1,1,3,2,3,3,3,6,0,4,1,2,2
2,3,1,7,1,1,6,1,76,6,5,5,2,1,155,2,2,1,1,0,0,0,3,4,3,1,3,2,2,1,0,1,2
1,5,2,3,1,0,5,2,61,5,10,2,0,0,173,4,1,1,1,1,2,1,1,0,4,1,3,2,2,3,0,0,3
2,3,7,9,0,2,2,0,60,4,2,8,2,1,170,2,1,1,5,0,1,1,2,1,0,1,6,1,0,2,1,2,1
1,7,1,3,0,2,5,2,62,4,17,0,1,1,165,1,0,1,1,3,0,1,2,2,0,1,6,2,1,5,1,1,1
0,5,3,3,0,4,6,2,48,6,19,0,0,0,170,5,0,0,4,1,1,0,3,1,1,0,5,3,1,1,3,0,5
0,4,4,4,0,2,2,1,44,8,18,1,2,0,175,1,0,1,3,2,1,1,0,5,3,3,3,2,2,5,0,2,1
0,2,1,8,0,2,3,0,81,7,13,2,1,0,152,6,1,2,0,0,0,0,0,4,2,1,2,4,0,1,1,2,2
2,2,0,3,0,0,3,0,110,6,20,0,2,1,132,1,0,2,0,0,1,0,0,2,2,0,1,2,1,1,1,2,3
2,5,2,5,0,3,6,1,57,9,2,4,3,0,171,2,0,4,4,1,1,0,0,0,0,0,4,0,1,8,2,1,2
0,3,3,9,0,6,6,1,52,4,23,1,2,1,161,4,1,1,4,1,1,2,4,2,1,0,1,0,2,1,1,1,1
4,2,6,7,0,2,6,0,79,2,2,5,0,0,155,2,2,1,3,0,0,1,2,0,1,1,4,1,1,4,1,3,3
2,1,5,6,0,0,5,2,65,4,3,2,3,4,170,1,0,2,4,0,0,3,1,1,2,0,5,1,0,2,0,0,6
1,2,4,4,1,2,3,0,41,7,4,9,1,4,180,3,2,1,7,0,3,1,2,1,0,0,3,2,1,4,0,2,5
3,1,8,7,0,3,5,1,65,9,5,3,0,1,146,0,1,1,6,0,1,1,3,3,1,0,10,1,1,5,1,1,7
1,4,6,2,0,0,1,4,54,7,13,5,1,1,181,2,0,3,1,1,0,0,0,0,1,1,2,1,4,1,1,0,2
4,0,0,10,1,3,2,0,64,5,3,2,4,3,173,3,0,3,1,1,0,2,5,0,1,0,0,0,0,0,2,4,4
1,4,2,4,0,3,7,1,43,7,17,5,2,2,174,5,0,3,0,1,0,0,3,2,1,2,6,0,0,3,1,0,1
0,1,7,7,0,2,7,1,51,12,19,3,1,0,167,3,0,1,0,0,0,1,1,2,0,2,0,2,1,2,2,0,5
0,1,3,7,1,3,6,1,57,5,3,4,2,0,171,2,0,0,3,4,1,0,0,0,4,3,3,4,0,4,1,0,7
0,0,9,2,0,2,1,0,59,2,22,1,4,0,164,3,0,3,0,1,2,1,3,2,2,0,3,1,3,3,1,4,2
0,1,3,3,0,3,3,0,93,5,13,2,1,2,148,2,0,1,1,1,0,0,4,3,2,0,0,2,0,4,2,0,1
1,6,8,4,0,0,3,0,86,5,13,0,3,1,143,2,1,0,2,2,1,1,1,2,1,3,2,2,0,3,1,1,2
0,5,3,8,0,4,1,1,50,5,27,3,1,2,174,1,2,0,0,1,0,0,0,0,1,3,2,0,2,2,0,1,1
2,2,9,2,0,5,1,1,63,9,2,2,3,2,175,3,0,0,2,0,0,1,3,1,0,0,5,0,0,4,0,1,2
0,4,2,0,0,4,1,2,65,5,18,1,1,1,166,3,1,0,0,3,0,1,1,0,3,3,2,3,0,1,2,3,4
1,2,2,2,1,1,2,0,64,6,10,0,5,1,175,3,2,0,3,1,0,1,0,1,2,3,1,4,0,2,2,1,2
0,4,10,7,1,1,6,0,49,4,3,2,3,2,169,2,1,3,4,2,0,3,4,1,1,0,8,2,0,2,2,2,2
3,2,6,6,0,1,8,3,50,6,8,2,3,1,171,1,1,3,3,0,2,1,1,5,0,0,5,0,1,4,0,1,2
1,4,4,9,2,2,6,1,58,7,6,2,2,0,170,2,0,1,0,2,0,0,0,1,4,1,2,3,1,6,2,0,1
2,3,3,1,0,4,6,0,57,6,25,1,1,2,168,2,0,1,0,0,0,0,1,1,1,0,3,2,0,6,1,0,3
2,4,6,13,1,2,7,1,59,4,11,3,2,0,158,4,0,0,0,0,1,1,2,3,1,3,3,2,1,2,0,1,3
1,5,4,3,0,1,6,1,48,7,18,1,1,0,168,4,0,1,5,3,0,0,2,0,2,2,2,3,1,3,1,4,3
2,3,8,7,0,1,7,1,48,3,17,4,0,4,155,8,1,1,5,1,0,3,2,2,0,2,4,1,1,4,1,0,4
0,3,5,5,2,2,3,2,40,1,9,3,1,0,191,3,0,0,2,4,1,0,2,1,2,1,3,2,0,5,1,1,5
0,3,4,2,0,3,3,1,60,6,15,0,0,0,176,9,0,1,0,4,0,1,1,0,0,1,2,2,1,3,0,1,1
0,3,4,4,0,3,3,0,45,6,24,1,1,2,176,2,0,3,3,1,1,0,1,3,0,2,4,0,0,3,0,4,1
0,1,5,3,1,1,3,1,63,5,30,1,2,0,162,4,0,2,0,0,0,2,1,1,1,4,2,0,0,1,1,2,1
2,6,3,6,1,3,0,0,43,11,26,1,1,1,173,3,0,2,2,2,0,0,1,1,0,1,5,1,2,0,1,2,0
1,2,5,4,1,4,3,1,49,5,21,3,1,0,172,1,0,3,1,1,0,0,0,3,0,2,3,2,2,1,1,5,3
2,5,6,5,1,4,4,0,54,7,7,4,2,0,174,4,0,1,0,1,0,0,0,0,2,3,3,1,2,0,0,4,4
1,6,5,3,0,0,4,0,41,3,21,6,1,1,175,5,1,1,1,1,0,4,2,0,0,2,4,2,0,3,1,3,3
1,2,4,2,1,0,3,0,97,0,11,4,2,1,148,3,0,1,0,0,0,0,0,1,2,2,3,2,3,3,1,1,2
0,3,3,3,0,2,3,0,53,6,34,3,2,1,160,3,1,2,2,3,1,0,2,0,3,1,1,4,1,1,1,1,0
1,2,1,4,0,3,2,0,96,7,6,3,1,1,145,7,0,0,1,0,0,3,1,3,2,0,1,0,1,4,1,3,1
1,2,11,11,0,0,7,1,58,6,7,3,1,0,155,4,0,2,2,3,1,1,5,0,2,0,3,2,0,5,0,2,5
0,4,3,7,0,1,5,1,53,7,16,3,2,0,167,5,2,0,3,2,0,0,0,0,3,1,5,3,0,1,2,1,3
6,4,2,6,1,2,5,0,40,4,17,6,3,3,170,9,0,1,1,1,1,0,2,2,4,1,3,1,0,2,0,1,2
0,3,2,9,0,0,4,1,55,7,16,2,0,4,171,2,0,1,3,0,1,0,1,2,0,2,7,3,2,0,2,0,0
1,1,4,5,0,4,3,0,56,8,15,1,4,1,165,4,1,1,6,1,0,2,1,1,0,2,2,1,2,5,2,1,0
0,3,8,7,0,3,6,1,69,7,1,3,2,0,163,1,0,0,3,0,2,1,2,1,2,4,2,3,0,0,1,1,4
0,1,5,3,0,0,4,2,74,8,20,2,0,1,162,0,1,2,1,5,0,0,2,1,1,0,2,0,0,1,1,1,0
0,3,2,10,0,3,4,0,73,8,4,4,0,0,168,1,0,0,1,2,0,1,0,1,0,1,4,1,1,1,0,4,3
2,3,4,5,1,1,8,1,60,2,2,4,1,1,174,0,0,2,4,0,0,2,1,3,0,2,5,1,3,2,0,2,4
0,7,1,3,0,1,3,1,56,8,9,0,0,4,176,5,2,3,3,3,0,2,3,0,0,2,2,0,0,1,1,2,2
0,5,5,5,0,5,4,0,61,7,3,5,3,0,168,1,4,0,0,1,0,0,1,4,1,1,4,2,1,3,0,3,3
4,4,7,4,0,2,6,1,37,6,17,5,0,1,185,5,0,0,0,0,0,0,3,3,1,0,2,0,0,6,0,0,1
4,3,4,5,1,1,2,0,59,5,16,0,1,0,167,4,0,0,0,2,2,0,1,2,0,3,2,3,1,4,3,2,3
2,5,4,2,1,4,4,0,41,3,18,3,1,1,176,4,0,1,2,4,0,0,1,1,2,4,3,0,1,4,1,1,6
1,1,6,1,2,0,4,1,80,10,19,1,1,0,154,3,0,1,1,1,0,0,2,3,2,0,0,2,0,1,0,2,1
1,1,2,6,0,3,3,1,101,3,10,1,1,0,143,1,1,2,0,2,0,0,2,4,1,1,2,4,0,0,2,0,2
0,3,1,2,0,1,8,2,60,3,16,3,1,0,172,2,1,4,1,2,1,1,0,0,3,5,2,1,0,1,0,1,3
1,6,4,7,0,0,9,0,64,5,14,4,0,0,156,7,0,0,1,1,0,0,0,2,0,2,4,6,0,4,2,0,1
0,8,2,7,0,1,6,0,64,6,10,3,1,0,174,0,0,3,4,2,0,1,0,0,1,0,2,0,2,1,0,1,1
0,5,3,12,0,1,4,0,53,9,2,1,4,0,174,2,1,0,5,4,0,0,0,0,2,3,5,3,0,4,0,0,3
1,5,4,2,1,2,4,0,60,8,11,2,3,2,170,1,0,1,1,4,1,3,1,4,0,1,1,0,0,4,0,1,2
3,0,4,4,1,2,1,1,77,3,21,0,1,4,156,2,0,2,2,1,1,0,1,1,1,2,0,0,1,5,1,1,1
0,1,4,8,0,3,3,1,59,2,10,0,3,2,169,4,0,1,2,5,0,1,5,2,4,0,3,2,0,2,1,1,2
1,1,4,4,0,2,8,0,59,7,4,0,4,1,164,2,0,4,7,2,1,1,1,1,1,0,6,0,1,4,2,3,5
2,1,3,4,1,1,10,1,61,8,4,1,6,0,166,1,1,1,4,1,0,2,0,2,1,0,3,2,2,2,1,0,8
0,3,7,3,0,1,4,1,47,6,10,4,3,2,186,2,0,1,3,4,1,1,0,1,2,1,0,0,2,1,1,2,1
0,1,3,2,0,2,5,2,59,6,15,0,2,0,175,1,0,3,2,2,0,0,2,2,1,2,4,0,0,2,2,1,4
0,2,2,4,2,1,3,1,60,3,10,2,1,2,185,3,0,1,3,0,1,0,1,3,0,0,3,0,0,1,1,0,5
0,2,3,4,0,2,8,3,60,6,2,6,2,1,186,0,0,0,2,2,1,0,0,0,0,1,3,1,0,2,3,0,0
2,1,4,6,0,1,3,1,60,8,2,3,1,1,174,3,0,3,3,2,0,0,1,3,1,1,5,2,2,3,1,1,2
0,4,1,10,0,3,11,3,51,5,3,4,3,0,161,2,0,0,4,2,0,0,0,0,2,4,10,4,1,2,0,1,9
2,5,2,2,0,2,5,1,51,4,26,2,2,2,171,3,0,3,4,1,0,1,1,2,1,1,1,1,0,3,0,0,1
2,2,4,8,0,3,7,2,56,6,10,2,2,2,162,1,0,1,1,0,1,0,2,0,1,1,12,0,1,4,2,2,3
0,1,7,2,0,4,1,0,37,7,31,4,2,0,168,3,0,0,3,4,1,0,5,1,3,0,2,1,1,4,2,4,2
0,2,6,8,1,0,7,3,68,8,0,4,1,0,149,3,0,3,6,0,2,0,2,1,2,0,5,2,1,3,5,1,7
0,2,6,3,1,1,9,1,43,6,22,4,0,1,171,6,0,1,2,1,0,2,1,1,2,2,3,1,0,1,1,5,1
0,7,3,5,0,1,6,3,56,6,8,3,3,1,164,3,2,1,2,3,1,0,0,0,1,1,4,3,0,4,1,3,5
3,5,4,13,0,1,3,1,60,7,13,3,1,2,166,1,0,0,2,1,0,0,3,1,1,0,1,2,0,1,1,2,2
0,4,8,3,1,4,4,1,60,8,5,2,3,2,166,4,2,1,2,1,1,0,1,0,2,0,6,3,1,1,1,1,2
1,5,4,4,1,4,4,1,48,7,28,5,2,1,159,7,0,0,1,1,0,1,0,1,1,0,4,0,3,1,1,0,5
1,3,0,2,0,1,2,1,70,4,15,2,0,0,172,4,1,2,0,3,2,0,0,2,0,3,2,0,0,1,5,1,1
1,5,4,6,0,2,3,0,66,4,21,1,3,3,154,0,0,4,1,1,0,0,1,2,5,2,1,1,0,2,4,3,0
1,2,5,2,0,6,8,0,46,3,18,2,3,0,170,2,3,1,2,2,0,0,2,5,3,3,2,5,1,0,0,2,1
0,2,4,5,0,4,5,0,73,7,2,6,2,1,163,4,1,3,2,2,2,1,0,1,0,2,1,0,0,4,1,1,1
3,5,3,3,0,2,1,0,73,5,12,3,1,2,166,2,0,0,1,1,1,0,0,1,1,2,2,4,1,1,1,2,1
1,3,5,7,3,1,7,1,56,10,10,4,2,1,165,2,0,1,0,2,0,1,0,0,2,1,5,3,1,2,1,1,2
0,2,1,6,0,2,1,2,100,7,15,0,1,1,145,2,0,0,0,2,0,3,2,2,0,0,0,2,0,0,2,1,1
1,2,2,5,0,3,6,0,46,8,12,1,2,1,181,4,0,3,1,0,0,2,1,4,2,1,2,0,1,2,1,5,1
0,2,2,7,0,2,1,1,37,7,23,6,0,2,177,1,0,0,0,0,2,2,2,5,3,3,0,1,2,3,2,4,3
1,2,3,11,0,1,4,1,58,5,4,3,2,2,169,5,0,1,1,2,0,0,0,0,0,0,8,1,2,3,2,3,6
1,2,5,7,0,1,5,0,50,11,0,3,1,2,176,0,2,1,3,0,0,4,2,4,0,0,4,0,4,6,3,1,2
1,3,2,4,0,4,3,1,50,7,17,1,1,1,173,6,0,1,1,2,0,1,4,1,1,2,3,2,0,5,1,0,2
1,4,3,4,0,1,6,3,32,0,21,2,0,1,200,3,1,0,2,1,0,1,1,2,0,1,0,1,1,4,0,3,1
0,5,7,3,0,2,7,2,49,3,14,4,4,1,167,4,0,2,2,3,0,0,2,1,3,2,3,1,3,4,0,0,2
1,2,4,4,0,1,4,1,49,5,19,1,0,0,177,3,1,0,2,1,0,3,0,7,0,0,3,2,0,1,2,3,4
1,3,3,5,0,1,1,2,45,7,27,4,2,0,171,4,0,0,4,2,1,0,0,2,0,1,4,4,0,1,0,2,3
4,2,2,7,0,2,7,1,58,6,6,1,3,0,169,5,0,1,2,0,0,1,1,3,1,3,3,1,1,6,1,1,2
0,6,6,5,2,4,7,0,56,6,11,5,4,1,163,1,1,4,1,4,1,1,0,0,1,0,3,1,0,2,2,1,1
2,0,2,3,1,2,1,0,73,7,15,3,4,0,158,2,0,1,0,0,1,3,2,5,2,3,1,2,1,2,0,2,2
0,1,4,7,1,2,3,0,50,6,30,3,1,0,160,5,0,1,3,2,0,2,2,2,4,0,3,2,1,0,2,2,1
0,3,1,6,0,2,5,0,64,6,4,3,3,0,169,1,1,1,5,0,1,1,1,1,3,1,6,0,0,6,1,2,3
0,2,2,3,3,3,1,1,91,4,22,0,0,0,142,2,2,2,2,5,0,0,0,3,2,0,0,4,0,0,3,1,0
0,1,2,4,0,2,2,1,68,6,14,2,1,0,177,2,3,1,2,1,0,0,0,2,3,0,0,2,0,2,0,1,1
0,3,3,3,0,3,7,1,50,5,18,1,2,0,163,6,2,3,2,3,0,2,2,1,6,0,2,5,1,1,1,1,3
0,1,4,4,0,2,4,1,66,6,18,5,0,2,165,2,0,0,0,0,0,0,1,2,0,3,4,2,1,2,3,2,0
2,4,3,3,1,1,8,0,53,5,9,2,0,1,175,1,1,4,1,1,1,1,2,3,0,1,4,3,1,3,0,2,4
1,0,1,3,0,1,5,1,34,4,27,2,0,2,197,2,0,0,1,2,0,0,0,2,2,3,0,2,1,4,0,3,0
1,4,3,1,0,4,2,1,62,6,24,1,1,0,163,1,1,5,1,0,1,1,3,1,4,1,2,3,1,0,0,2,0
1,3,1,1,0,4,2,1,62,7,21,0,1,0,172,4,0,1,1,1,0,0,0,2,2,0,4,1,0,2,0,1,5
1,5,2,5,0,0,2,1,51,5,32,5,0,1,162,4,0,2,1,3,1,0,1,0,2,0,5,1,0,4,0,2,2
2,4,6,4,0,1,6,0,56,8,4,3,3,3,170,2,0,7,3,0,0,2,4,1,2,0,1,1,0,2,1,2,2
1,3,1,8,1,5,1,0,40,5,26,4,3,2,177,2,1,0,1,0,0,0,0,0,2,1,2,2,4,2,1,4,1
1,3,4,8,1,2,6,1,72,6,3,5,0,0,152,2,0,1,5,0,0,0,4,0,2,0,10,1,0,5,1,0,5
1,5,5,5,0,1,10,0,44,9,21,2,1,1,176,3,0,0,2,0,0,2,0,1,1,1,3,0,0,2,1,2,1
0,3,3,2,0,3,2,2,57,5,26,1,1,0,171,1,0,0,0,2,0,1,1,3,2,1,4,1,0,0,3,2,3
0,2,7,5,0,3,5,3,60,4,18,3,2,0,157,6,0,1,1,2,0,0,0,5,1,4,3,2,0,1,0,1,4
1,2,5,7,0,2,4,1,42,4,24,3,3,1,169,4,1,0,2,1,0,0,0,2,1,1,3,3,2,5,0,3,4
1,4,4,2,1,3,5,2,64,3,8,2,3,1,178,0,1,0,1,1,2,1,0,0,0,1,1,1,4,1,3,2,0
1,5,2,9,0,3,6,2,58,4,8,4,1,1,149,3,0,1,3,5,2,0,1,1,4,5,8,3,3,2,2,0,4
0,2,3,5,1,0,6,0,54,8,16,2,2,0,166,4,1,2,4,1,0,2,2,1,0,1,3,3,3,2,0,5,1
2,2,2,4,0,2,2,0,87,5,9,1,1,1,162,3,2,1,1,0,0,0,1,3,0,0,2,1,0,3,0,1,2
1,2,2,6,0,3,7,1,43,3,20,0,2,0,182,5,1,1,0,1,0,1,1,1,2,1,3,1,1,4,1,1,3
3,2,2,4,1,4,5,0,36,5,26,3,2,2,178,2,0,2,1,1,1,0,3,2,2,4,1,2,0,1,0,3,2
0,3,5,3,1,2,2,1,42,7,18,2,2,1,182,1,1,2,0,0,0,1,1,1,2,2,3,4,0,5,1,1,4
1,2,1,5,3,1,1,0,66,3,21,3,1,1,153,4,2,2,6,2,0,1,0,3,3,1,2,1,1,5,2,2,1
1,4,3,4,1,2,2,2,61,8,3,5,2,0,159,4,0,2,7,2,0,0,1,1,2,1,2,1,0,8,3,3,6
2,2,0,2,0,2,4,2,32,7,26,5,0,1,186,4,1,2,2,1,0,2,0,2,2,2,3,1,0,2,2,1,2
2,2,1,4,0,3,0,0,84,1,10,1,0,0,166,1,0,4,3,2,0,0,0,1,2,1,2,2,1,1,2,2,2
0,3,3,14,0,1,5,1,44,9,4,2,2,1,178,4,1,0,6,1,1,0,1,0,3,0,8,2,1,0,1,1,3
0,4,1,2,2,3,0,1,62,9,31,4,1,0,152,3,0,2,2,4,0,1,1,4,1,3,1,0,1,2,0,1,2
2,2,4,5,0,3,4,1,68,5,0,4,2,1,174,2,0,0,1,0,0,2,3,3,1,0,3,1,0,5,0,1,3
1,3,3,3,0,1,3,0,72,5,15,2,0,0,162,3,0,1,1,1,0,0,1,2,3,0,6,4,1,2,4,0,1
1,0,2,12,0,0,5,2,59,7,2,3,3,1,171,1,0,3,4,0,0,1,2,2,0,0,0,0,3,5,0,4,7
0,4,3,4,2,4,3,1,46,9,18,3,1,0,177,2,0,0,0,1,1,2,3,1,0,1,3,3,2,1,2,1,2
1,1,1,5,1,0,2,1,59,6,13,4,3,0,175,5,2,1,3,2,0,3,1,0,0,2,0,1,2,3,0,1,2
1,4,3,9,0,1,4,0,46,6,15,2,1,1,164,5,0,2,2,5,1,0,2,2,0,3,8,3,3,6,0,1,0
2,3,4,3,0,1,2,0,63,4,15,3,1,1,176,5,0,1,0,2,0,1,0,2,1,1,1,1,0,2,1,2,2
0,0,7,6,0,3,0,3,58,8,10,3,3,2,157,2,1,2,3,3,0,1,1,2,2,1,4,1,2,5,2,1,7
2,6,2,4,0,2,4,0,93,4,17,5,0,2,133,3,1,0,1,5,0,0,1,1,3,1,1,3,1,2,0,2,1
1,1,3,7,1,2,4,3,52,3,20,1,1,1,173,5,1,1,2,1,0,0,1,0,0,3,3,1,2,2,0,3,2
0,2,1,3,1,5,0,0,102,7,15,1,2,3,137,3,1,2,1,2,1,0,1,2,1,0,3,0,1,0,0,3,0
1,2,7,8,0,0,8,0,55,7,26,4,1,2,154,4,0,2,0,0,0,0,1,2,1,1,2,2,0,5,0,2,3
1,10,4,6,0,3,4,0,43,7,26,3,1,1,163,1,0,2,2,3,1,0,4,0,2,1,2,1,0,4,1,2,2
2,1,4,6,0,1,3,1,49,4,11,5,4,0,173,1,1,1,3,2,1,1,4,0,3,6,2,3,0,3,1,1,3
1,3,3,7,0,2,7,1,53,2,9,3,2,2,173,8,0,1,5,0,1,2,0,0,2,1,2,2,2,2,1,1,2
0,3,2,1,1,1,1,2,74,4,11,1,0,0,173,4,1,2,1,1,1,0,3,3,3,0,0,2,1,2,0,1,1
0,4,7,3,0,2,8,1,57,5,3,3,0,0,177,1,2,0,3,3,1,1,0,0,1,5,2,3,0,4,0,1,3
0,6,2,8,0,1,6,0,50,4,4,6,2,3,180,2,0,0,2,3,1,0,2,0,0,3,1,2,0,9,1,0,2
2,2,2,4,0,0,0,2,66,11,7,3,1,1,165,0,0,3,5,1,0,2,2,2,0,0,4,0,1,4,1,3,6
1,2,4,3,0,2,3,1,61,4,8,1,1,0,184,1,2,0,3,2,0,0,0,1,2,4,2,0,0,1,1,4,2
2,1,3,10,0,4,5,2,77,4,3,1,3,3,154,4,1,0,1,3,2,0,1,0,2,1,5,0,2,1,2,1,2
1,2,3,3,0,2,2,0,86,4,19,1,1,0,155,2,0,0,2,1,0,1,0,1,4,0,2,4,2,1,0,0,1
0,5,8,8,0,0,7,2,63,7,9,2,0,1,161,3,0,0,1,2,0,0,1,3,1,2,3,0,2,3,2,0,4
0,4,4,6,0,3,4,2,60,6,6,2,3,0,164,2,0,1,3,2,0,1,0,3,1,2,6,3,1,5,1,2,3
0,2,4,2,1,4,2,1,42,3,26,0,2,1,174,2,0,4,3,1,0,4,2,4,1,5,2,1,1,2,1,1,2
1,4,3,6,1,1,12,0,64,5,8,4,2,2,164,1,0,1,1,2,0,2,0,0,4,0,2,1,1,6,0,0,2
1,3,3,10,0,1,4,4,65,8,3,2,0,1,166,0,1,4,3,1,2,1,0,3,0,0,3,1,1,2,1,3,3
0,4,6,8,0,2,3,5,60,5,5,5,2,1,155,5,1,0,9,0,1,0,0,0,1,0,4,2,0,5,1,3,7
0,2,5,6,0,3,5,1,62,5,3,7,1,1,169,1,0,1,2,1,0,2,1,1,2,4,4,3,0,2,2,1,3
1,2,2,3,1,4,1,0,61,6,11,2,4,1,173,1,1,2,2,0,0,3,1,1,0,0,5,3,2,1,1,4,1
0,7,5,10,2,4,5,1,45,3,9,2,3,4,173,2,0,0,1,1,2,1,1,0,3,1,5,1,1,2,0,0,6
0,5,11,5,0,1,3,3,41,6,19,3,1,1,165,2,1,1,0,1,1,0,1,2,2,2,5,1,1,6,2,7,1
0,0,2,3,0,0,4,2,65,3,8,2,1,0,181,2,1,2,2,2,0,0,2,1,2,1,3,3,0,3,0,1,4
1,4,5,4,0,0,3,2,63,8,3,2,0,1,172,2,1,1,5,1,0,1,1,2,1,0,3,3,1,1,2,3,4
1,4,2,7,3,2,1,0,79,6,11,4,3,0,159,1,1,1,0,1,0,1,1,0,2,2,1,4,0,0,1,1,1
2,4,2,6,1,3,6,4,73,12,2,3,0,0,156,0,1,2,2,1,0,0,1,0,2,2,6,1,0,6,0,1,1
0,1,4,5,0,0,8,4,59,3,3,3,2,1,178,3,2,0,1,3,1,0,1,0,6,1,1,2,1,3,0,1,3
0,2,2,2,1,2,2,0,108,5,18,1,3,0,134,1,0,0,0,4,1,1,1,2,0,1,3,1,0,0,1,2,2
2,6,4,4,2,0,2,2,57,4,16,1,1,1,171,3,0,1,3,2,0,2,2,2,2,1,1,1,1,2,0,2,2
1,8,1,7,0,2,5,1,50,5,14,3,0,2,168,0,0,0,4,1,1,1,4,1,2,1,8,6,0,2,1,0,1
0,2,6,8,1,1,5,1,40,3,22,1,2,1,179,6,0,1,0,2,0,1,3,0,1,4,0,1,1,0,1,3,4
1,4,3,8,0,3,7,2,64,4,9,1,2,1,160,4,0,1,4,4,0,0,1,1,1,2,4,2,2,0,0,1,4
0,3,7,7,0,1,5,0,45,4,24,2,2,0,172,7,0,1,0,5,0,1,0,3,1,1,2,3,1,0,2,0,1
0,2,6,4,0,0,2,0,74,5,22,2,0,1,161,3,1,1,2,1,1,0,1,0,0,2,1,2,1,0,1,3,1
0,4,2,2,2,2,2,0,48,5,25,4,2,1,175,2,1,0,0,2,0,1,2,0,3,2,3,1,0,0,2,6,1
0,1,0,1,1,2,5,1,75,7,21,1,0,1,163,1,1,1,1,1,1,1,0,3,0,2,0,2,0,1,1,2,3
0,1,5,5,0,2,5,1,47,5,22,1,2,1,172,2,1,2,0,1,1,0,2,3,6,2,2,2,2,1,3,1,0
2,1,6,6,0,2,6,0,60,8,5,1,1,1,164,1,1,0,4,2,1,0,2,2,3,4,7,0,1,1,3,2,3
2,2,2,6,0,1,7,0,63,8,3,3,1,1,173,1,0,2,2,1,1,1,1,2,0,4,4,3,0,1,1,2,2
4,5,4,6,1,1,4,2,63,2,5,2,0,0,182,1,0,0,4,3,1,1,1,0,0,2,0,2,0,2,0,0,2
1,2,6,8,0,0,3,1,67,6,6,6,1,1,146,6,2,1,5,1,2,0,3,0,1,1,8,1,2,5,1,0,7
3,5,4,2,1,3,6,0,43,3,22,0,1,0,182,1,0,0,1,1,0,1,2,3,2,2,3,3,2,1,0,1,2
0,5,0,3,1,4,7,1,54,10,22,5,5,1,160,6,0,0,2,0,0,1,0,0,0,3,3,0,0,2,0,3,2
0,4,2,4,1,5,2,0,40,3,30,3,3,2,174,1,1,2,3,1,0,1,1,0,1,1,3,2,2,3,2,0,3
0,1,4,3,1,5,3,1,45,8,7,1,1,3,186,7,0,0,3,1,0,0,2,1,2,1,5,0,0,0,2,4,3
0,1,3,3,1,4,1,3,53,3,15,3,1,1,182,1,0,1,0,4,2,1,1,2,0,1,2,1,0,8,2,0,0
1,2,7,6,0,1,3,1,60,7,11,2,4,1,167,2,0,0,3,0,0,0,4,0,3,1,3,0,1,5,0,3,2
0,4,5,4,0,0,3,1,58,7,0,2,1,1,180,1,1,1,3,0,0,1,3,2,2,0,5,2,3,2,2,1,5
2,2,3,1,0,2,3,2,46,3,23,1,1,1,181,2,1,2,1,2,1,0,0,1,3,0,2,2,0,6,0,2,4
2,1,3,4,1,4,7,1,55,8,12,2,2,0,173,3,0,1,1,0,0,0,0,4,2,1,2,4,0,4,0,2,1
1,4,2,5,0,4,7,1,55,4,9,2,1,0,170,0,0,0,3,4,1,1,2,0,5,3,2,4,0,5,0,1,4
2,3,3,5,0,7,7,1,56,6,9,1,1,1,170,5,1,2,1,1,1,0,3,0,0,0,5,1,1,2,2,2,1
1,2,0,2,0,4,6,0,61,7,19,2,0,0,173,2,0,1,1,5,0,1,0,1,4,1,1,1,0,2,1,1,1
3,6,4,3,0,3,5,0,56,5,20,2,2,0,158,5,0,2,2,3,0,0,2,2,1,0,4,1,3,5,1,1,1
0,1,5,6,0,3,5,2,55,7,3,3,0,1,176,1,1,0,3,0,0,1,1,2,2,1,6,3,1,2,1,1,7
0,2,2,5,0,3,3,0,57,6,22,2,2,1,178,2,2,0,1,2,0,1,2,0,0,2,0,0,0,4,0,0,1
5,0,4,14,1,3,6,0,57,3,6,4,3,2,146,5,0,1,6,2,0,1,1,0,1,1,6,1,4,7,1,1,8
2,4,1,4,0,2,4,0,93,5,14,5,1,0,148,2,0,2,0,1,1,1,0,2,2,1,0,1,0,1,0,3,0
0,0,2,2,1,1,2,0,95,3,20,3,1,2,149,3,0,2,0,1,0,0,1,4,2,0,1,0,1,0,1,1,2
2,4,6,5,1,1,6,3,51,9,3,2,0,2,178,2,1,2,3,0,0,0,3,0,2,1,7,2,1,2,1,0,0
0,0,1,2,0,3,1,0,53,5,27,1,4,0,178,8,1,1,0,0,1,0,0,2,3,1,2,3,1,1,0,1,0
1,1,3,4,1,4,2,2,33,4,14,1,1,0,205,3,0,1,0,2,1,1,1,2,1,1,1,0,1,1,2,4,2
1,6,6,9,0,0,4,0,49,9,15,4,2,0,161,3,0,0,3,0,1,1,2,3,5,1,5,1,0,4,1,0,4
1,0,8,8,1,1,4,0,62,9,11,5,2,1,153,3,1,1,0,0,1,1,4,0,0,0,3,1,3,4,0,8,4
0,3,4,4,0,2,2,0,29,5,21,3,2,0,202,5,0,1,1,1,1,1,1,0,1,2,2,0,0,5,1,0,1
1,5,3,6,1,1,7,1,56,3,5,4,1,1,174,3,1,0,2,1,1,0,1,0,2,2,7,2,1,4,1,0,3
1,7,4,6,0,3,7,3,42,9,14,5,6,2,169,1,0,2,1,2,1,0,0,1,3,1,2,1,0,3,1,1,2
0,3,5,6,1,1,4,1,62,7,11,1,0,1,180,0,1,3,0,0,0,1,2,1,0,1,3,0,0,2,2,0,1
2,1,3,6,1,7,3,1,61,4,2,4,4,2,166,2,1,1,1,2,2,0,1,1,0,4,5,3,1,3,1,3,2
0,2,3,4,2,4,7,1,56,7,22,1,2,0,154,3,1,0,2,6,0,1,1,2,2,5,3,2,0,2,0,2,3
1,2,4,6,0,2,6,1,65,4,10,2,1,0,165,4,2,2,0,1,0,1,1,1,1,3,5,0,1,2,0,2,5
1,2,4,4,0,2,9,0,57,6,3,4,1,3,180,3,0,2,2,1,0,3,0,1,0,1,1,0,1,4,2,1,2
1,3,3,10,1,1,11,1,60,8,4,2,2,0,164,2,0,0,5,1,1,0,0,2,0,1,6,1,1,3,4,0,2
1,2,3,7,0,1,3,2,44,11,3,2,1,1,183,5,0,3,5,0,1,0,1,1,1,1,6,3,1,3,3,0,2
0,1,3,8,0,2,7,0,56,8,5,3,1,2,163,2,1,2,7,3,0,2,2,2,0,0,4,3,4,3,0,2,4
0,0,8,5,0,4,3,0,66,3,3,5,1,0,178,0,0,0,2,1,0,0,1,0,4,3,4,4,1,2,0,1,1
0,3,0,2,0,0,3,1,76,6,23,2,1,1,157,2,1,6,1,2,1,1,0,0,0,0,3,0,0,3,0,4,1
1,4,3,6,0,2,5,0,55,6,27,0,2,0,163,1,1,3,1,1,1,1,0,0,3,0,2,4,1,3,2,2,0
0,3,2,3,0,0,4,1,44,4,19,4,1,2,185,3,1,1,3,2,0,1,0,0,3,3,1,0,4,1,2,2,1
0,4,3,1,0,1,7,0,51,6,22,2,0,0,177,4,1,0,1,2,0,1,0,1,1,1,4,2,0,4,1,1,2
0,4,2,5,0,2,1,0,60,3,16,1,3,0,174,4,1,0,1,3,2,2,1,4,0,1,3,1,0,4,1,1,0
1,3,4,4,1,1,2,0,69,5,10,3,2,1,170,1,2,0,2,2,0,1,1,2,1,1,2,2,2,3,1,1,0
3,4,2,7,0,3,5,0,62,8,5,2,0,0,169,5,1,0,2,3,0,0,1,1,1,4,2,1,2,2,3,1,1
0,6,5,6,1,0,6,2,49,7,20,2,1,0,169,2,0,1,2,2,1,0,1,0,0,4,2,2,1,5,2,0,1
2,2,3,7,0,0,2,0,73,6,20,1,2,2,152,3,1,2,0,1,0,4,2,1,1,3,1,1,0,3,1,2,2
2,3,4,3,0,6,6,2,52,9,20,1,2,0,166,1,0,1,2,0,0,1,1,1,0,1,2,6,0,1,2,0,5
0,2,5,2,1,2,7,2,51,1,15,4,0,1,169,6,3,0,2,5,1,0,1,2,3,3,4,4,2,1,0,0,1
1,3,4,7,0,1,6,0,61,2,6,0,2,0,165,2,0,2,4,1,2,0,2,6,1,0,9,1,0,1,2,2,7
0,3,4,5,1,0,5,1,65,6,0,1,2,0,176,2,0,0,1,1,0,0,0,0,1,5,8,1,2,2,1,2,5
2,2,8,6,0,0,1,2,54,5,8,5,2,3,165,2,1,4,0,2,0,3,3,2,2,0,6,0,3,3,0,3,3
2,2,5,8,1,4,0,0,38,6,23,1,3,1,174,4,1,0,2,0,1,1,7,1,0,1,1,2,1,5,3,1,1
1,1,4,6,0,3,5,4,51,9,3,0,0,2,173,4,1,3,2,1,1,1,3,0,0,3,2,0,1,6,0,2,8
2,1,2,5,0,2,3,0,84,6,9,4,0,1,158,3,0,1,0,1,0,1,1,3,3,1,2,1,2,1,0,2,1
1,5,4,2,0,3,7,1,58,8,7,6,5,0,148,7,1,1,3,2,2,2,0,1,0,2,10,3,2,2,2,0,5
1,4,1,3,1,3,3,1,64,2,16,2,2,1,184,2,0,0,0,1,0,0,1,1,0,1,1,2,0,1,1,1,0
0,3,5,5,0,0,7,0,43,6,24,3,0,4,170,4,1,0,0,3,0,0,0,1,0,1,5,3,1,3,1,2,5
1,3,5,6,0,1,2,2,40,3,19,3,2,0,180,5,0,0,3,3,0,0,1,1,2,5,4,2,2,3,0,1,1
0,1,1,3,0,2,5,0,64,8,26,0,1,0,165,1,0,2,1,1,0,0,4,2,0,4,2,1,2,1,0,1,2
0,2,2,6,0,0,6,1,70,8,10,2,0,0,166,1,0,1,3,1,1,0,3,2,0,1,5,2,2,2,0,2,1
0,5,2,7,1,1,3,1,44,13,18,2,1,3,176,1,2,0,3,2,0,1,0,1,3,1,2,0,2,2,3,0,0
4,1,1,4,0,3,1,0,41,6,25,0,2,0,182,6,1,1,0,3,0,1,1,5,0,2,1,0,2,4,1,1,1
1,1,5,2,0,4,7,0,45,15,16,1,0,1,174,3,0,0,0,2,0,1,0,3,2,1,4,1,2,5,0,1,3
0,3,2,6,2,0,4,1,66,3,14,1,1,0,173,1,2,0,0,1,0,2,3,3,2,2,2,2,1,2,0,1,0
0,0,1,3,0,2,4,1,62,5,16,3,3,2,173,0,0,4,4,2,0,0,1,1,0,0,2,0,1,1,3,2,4
1,1,2,6,0,0,7,0,78,7,10,1,2,0,153,4,0,3,0,1,0,3,1,2,1,2,3,2,3,2,1,3,1
0,2,5,5,0,3,2,2,66,4,16,2,1,0,166,1,2,2,0,1,1,1,0,5,1,3,2,0,0,2,3,1,1
0,5,2,7,1,2,6,0,53,4,9,3,2,1,176,3,0,1,1,2,1,1,0,1,4,1,6,1,1,2,2,0,2
1,2,5,6,0,1,5,0,63,6,1,6,6,1,174,2,0,1,1,0,1,2,1,2,0,0,3,3,0,2,1,1,3
1,3,4,4,3,2,1,1,42,5,24,4,0,0,181,3,1,0,2,2,0,4,3,0,1,2,2,2,1,0,0,0,2
1,4,5,1,0,3,3,2,63,10,16,2,0,1,169,4,0,0,1,2,0,1,1,1,0,1,1,1,3,1,1,1,1
1,3,2,1,1,0,3,1,62,1,13,0,2,1,183,1,1,1,2,2,0,0,3,2,2,0,2,2,0,2,1,5,0
0,3,2,7,0,2,9,0,52,6,3,4,2,1,177,6,0,0,0,2,0,0,1,0,2,4,6,2,0,2,1,2,4
3,4,5,5,0,3,5,1,62,3,3,3,3,0,176,1,1,1,2,0,0,0,2,2,0,0,1,2,1,6,0,2,3
0,4,5,2,1,2,4,1,54,3,24,2,1,1,173,3,1,0,2,2,2,2,0,0,2,1,1,1,2,2,0,1,1
1,2,5,13,0,1,2,0,65,8,4,4,3,2,165,0,2,1,0,3,0,1,1,2,1,2,3,1,1,0,1,6,0
0,2,2,2,0,6,4,2,74,2,11,0,1,0,163,2,1,3,0,3,2,2,2,2,4,2,0,2,1,0,0,4,1
2,3,5,2,0,1,6,1,60,8,7,1,1,1,166,2,1,2,5,2,1,3,2,0,2,1,4,3,2,2,2,1,1
1,0,2,8,0,3,5,0,54,7,11,3,2,1,177,7,0,2,1,1,1,2,0,2,1,3,2,1,1,1,0,1,0
0,3,5,9,0,2,2,1,50,6,9,2,1,0,181,3,1,0,1,1,0,2,0,3,2,3,5,0,0,5,1,0,2
0,2,6,5,0,1,5,0,88,4,13,1,1,1,140,3,0,2,2,1,1,0,2,3,0,3,1,5,2,1,0,2,5
0,1,2,1,1,1,3,0,78,8,17,1,0,0,160,2,3,2,2,0,1,3,0,0,1,1,2,4,1,2,0,0,3
1,1,4,4,0,3,3,0,83,7,11,1,1,2,151,1,4,0,0,3,2,1,0,2,4,1,2,0,0,2,3,0,3
1,1,7,6,1,1,2,1,52,9,4,3,2,5,169,3,1,0,3,0,3,2,2,4,0,1,7,1,1,4,0,4,0
1,3,5,8,0,0,2,0,43,4,22,1,4,1,186,3,1,1,3,0,0,1,0,1,1,1,2,3,1,1,0,0,1
0,2,4,1,1,3,2,1,94,5,12,1,2,2,150,3,1,2,2,1,0,1,1,1,1,1,2,1,1,0,1,1,0
0,1,3,3,0,4,4,0,57,9,24,2,0,0,162,4,0,2,1,5,0,0,1,2,1,1,0,1,1,6,2,2,2
0,2,2,0,1,5,2,0,51,7,12,1,0,1,189,2,1,2,2,1,1,1,1,5,1,2,2,2,0,2,0,1,1
0,1,3,2,1,3,3,1,84,6,20,2,1,1,146,7,0,2,1,1,0,1,1,1,2,1,1,2,0,1,0,4,1
2,3,1,3,1,2,1,2,53,6,24,2,1,1,159,1,2,4,1,4,0,3,0,3,3,2,3,2,1,5,0,3,2
0,3,5,3,2,1,4,3,47,6,11,2,2,1,175,3,4,0,1,2,0,2,0,0,2,3,3,5,2,1,1,4,2
2,4,6,3,1,4,1,1,62,8,16,2,2,3,156,3,1,4,1,2,0,1,2,4,1,0,2,0,1,5,0,1,1
1,6,6,7,0,1,2,2,60,7,5,3,2,2,165,1,0,3,1,3,0,1,1,1,1,1,5,7,0,2,0,2,2
3,3,5,9,3,1,5,1,62,6,3,7,1,1,165,3,1,0,2,0,0,2,1,1,1,0,6,0,0,1,1,0,6
1,3,5,5,1,6,3,0,35,8,22,1,3,0,181,8,2,0,1,2,1,1,1,1,1,0,2,2,0,2,1,1,0
2,1,2,5,2,3,7,2,58,11,10,2,2,0,169,1,0,0,3,3,0,1,1,1,2,4,2,0,0,2,2,0,2
2,1,4,3,0,3,1,0,73,6,21,4,2,0,150,5,0,2,3,0,0,0,5,2,2,1,2,0,2,2,1,2,1
0,1,2,2,2,0,3,1,90,3,10,3,1,1,155,0,1,3,1,3,0,0,0,2,2,4,3,1,1,3,1,0,1
0,4,1,6,0,1,4,2,53,7,16,2,3,3,166,6,1,3,3,1,1,0,2,1,0,1,3,1,1,2,0,3,3
1,2,5,11,0,1,8,0,67,6,4,5,2,0,156,3,0,0,1,0,1,0,1,1,3,1,4,3,1,4,2,0,7
0,4,4,3,0,5,4,0,52,7,13,0,2,2,179,3,0,0,3,1,0,1,0,1,0,3,2,0,0,3,3,1,4
1,3,5,15,0,5,9,0,55,9,4,1,3,2,158,3,0,0,10,2,0,0,0,0,3,1,3,3,0,2,0,1,2
2,2,2,1,0,2,6,0,97,3,22,0,0,0,138,2,0,1,4,2,0,0,1,3,1,0,2,3,3,0,0,0,3
0,2,2,2,0,3,2,1,88,5,13,1,2,2,153,1,1,1,1,3,1,2,1,0,1,4,2,1,0,2,1,1,1
3,3,6,5,0,1,7,0,64,3,1,4,2,0,173,3,0,2,5,0,1,1,0,2,3,0,1,0,1,5,1,2,1
0,0,6,6,0,0,4,1,53,7,3,5,1,1,173,3,3,4,0,0,0,2,1,4,0,3,7,2,2,1,0,4,4
1,2,3,2,1,2,1,0,54,7,16,0,1,0,182,2,3,1,0,1,1,1,2,2,2,2,1,1,2,1,2,3,1
0,1,3,6,1,1,0,0,52,2,12,1,1,0,184,2,0,0,5,5,1,2,2,1,2,1,2,6,0,1,0,2,4
1,4,4,4,0,2,6,0,90,4,11,1,1,0,146,3,0,3,0,1,0,0,2,3,2,2,1,6,0,2,0,1,0
3,5,0,9,1,1,6,4,56,3,0,2,4,1,179,2,0,0,4,1,0,1,1,1,1,1,6,2,0,2,1,1,2
4,2,3,5,0,3,4,0,64,6,13,1,2,0,163,3,1,3,0,1,2,2,1,5,1,0,2,1,0,2,2,3,1
1,4,2,3,0,2,6,1,51,6,17,1,0,0,179,4,0,1,3,2,0,0,0,1,2,2,2,3,1,2,0,2,2
0,3,2,5,0,3,4,2,34,4,14,3,3,1,198,4,0,1,0,2,0,1,0,4,0,1,0,1,3,0,1,3,3
3,1,3,8,0,2,9,0,38,8,18,4,1,0,175,0,0,2,4,1,0,1,1,3,0,0,6,2,1,2,0,1,6
0,0,4,2,1,3,7,0,68,4,3,2,5,0,163,2,0,0,1,3,0,0,2,1,0,4,8,3,0,5,1,2,6
1,2,0,4,1,3,5,0,79,8,23,2,3,0,145,0,0,1,0,3,1,1,3,3,0,3,2,2,1,1,1,2,0
4,2,3,11,0,0,4,1,57,11,1,4,3,3,168,0,0,2,5,1,1,0,3,5,0,0,4,0,0,5,1,0,1
0,2,3,3,1,1,6,0,60,7,2,3,5,0,165,2,0,0,4,2,0,1,0,0,1,2,12,1,2,10,3,0,2
0,5,1,10,0,0,3,1,62,4,7,3,2,0,171,3,3,1,2,0,1,0,1,2,0,0,5,1,2,3,3,1,3
1,5,3,2,1,1,8,0,47,4,16,1,3,1,180,3,0,0,1,1,0,1,3,1,0,2,2,2,1,3,3,1,3
2,2,3,3,0,3,8,3,45,6,15,2,3,0,187,5,1,0,0,0,0,1,0,3,0,1,2,0,1,1,1,0,2
1,5,3,6,0,2,5,2,59,5,3,2,3,3,174,1,1,0,4,1,0,1,2,4,0,1,4,0,1,0,0,2,5
1,0,3,3,0,1,3,1,60,7,20,1,2,1,173,2,1,1,0,1,1,1,1,3,1,1,1,1,0,2,3,2,2
1,6,2,5,1,4,2,0,63,4,18,3,1,0,162,6,0,2,0,3,0,1,0,0,1,2,1,4,2,2,0,2,2
0,7,2,4,1,2,4,1,43,0,26,4,2,0,171,1,1,1,0,6,0,0,2,1,5,1,3,4,0,3,2,0,3
0,5,3,6,0,2,6,1,48,6,10,1,3,2,180,2,0,2,3,0,1,1,2,0,0,1,8,2,0,3,0,1,1
0,3,3,3,1,3,3,0,57,8,22,1,1,0,172,1,0,1,1,1,0,0,0,0,5,2,2,1,1,2,0,3,3
1,2,5,1,1,7,4,0,53,4,15,0,4,0,172,1,0,1,4,3,0,0,2,3,2,3,2,3,2,1,0,1,3
3,5,1,2,0,1,0,3,54,3,16,2,1,1,186,1,0,2,3,1,0,0,2,0,0,1,6,0,0,2,1,1,2
0,2,2,3,0,2,4,0,60,8,12,2,2,0,181,3,1,1,1,2,1,4,0,1,0,3,1,0,1,0,1,1,1
0,4,0,2,0,3,2,0,73,3,19,3,1,0,165,2,0,0,0,3,0,0,4,4,3,2,1,1,1,0,2,2,0
2,1,4,4,1,1,6,0,53,9,13,4,0,4,170,3,0,1,1,0,3,0,0,2,0,3,2,3,2,2,1,1,4
0,1,3,6,1,1,2,1,77,5,2,3,3,1,159,1,1,1,0,3,1,0,0,2,3,6,6,1,0,2,3,1,4
1,4,8,4,0,5,4,0,41,7,13,2,0,0,185,3,1,1,5,1,0,0,0,4,0,2,0,2,1,2,0,1,3
0,1,5,4,1,2,1,1,44,4,21,1,1,0,188,6,1,0,1,0,0,0,1,3,2,0,3,1,1,2,2,3,0
1,2,3,5,0,4,10,0,58,7,8,2,1,0,167,1,0,0,1,1,1,0,0,1,2,1,7,2,1,5,0,2,7
0,1,7,3,1,2,2,0,83,5,11,3,0,1,156,3,2,1,2,1,0,1,1,3,0,2,2,1,1,1,0,1,3
0,2,4,7,0,1,2,2,64,5,11,4,0,0,174,3,1,0,2,2,0,1,1,2,1,0,2,1,0,2,3,1,2
0,4,2,7,0,1,3,1,58,5,13,2,3,1,167,3,0,3,2,3,1,4,1,2,2,0,2,1,0,2,0,2,5
0,3,4,15,0,1,5,0,57,4,3,1,3,0,171,0,1,1,7,0,0,1,2,1,3,1,6,1,0,3,3,0,3
1,2,7,1,1,5,7,0,59,6,4,4,3,1,174,0,1,1,1,0,0,1,3,1,0,2,2,2,0,3,1,2,5
0,1,4,4,0,6,5,0,40,2,34,3,3,0,173,7,1,1,0,2,0,0,3,2,2,0,1,3,0,1,1,1,0
2,3,1,7,0,3,7,0,45,5,25,6,2,1,159,2,0,2,1,3,0,0,0,1,1,1,4,3,0,5,2,4,5
3,2,4,8,0,0,7,0,58,3,3,4,0,1,176,2,0,0,3,2,1,2,3,4,2,1,2,0,0,1,0,3,5
1,2,9,3,1,2,4,0,65,6,5,4,1,2,162,3,0,1,2,1,0,0,3,2,1,1,5,0,3,3,1,4,3
1,4,3,8,0,3,9,1,64,8,6,5,1,2,157,4,0,0,4,1,1,0,2,1,2,1,3,1,1,2,1,3,1
2,3,2,4,1,2,2,0,78,6,16,1,0,0,163,4,0,0,0,1,1,1,1,3,0,1,1,4,0,1,0,0,2
0,2,6,10,1,4,2,0,68,9,10,2,2,0,141,4,0,1,3,5,1,2,1,0,1,4,7,2,2,4,0,1,5
1,5,3,5,0,3,1,2,49,8,23,0,2,2,176,4,0,0,1,0,0,1,1,2,0,0,1,1,0,3,0,2,4
5,1,3,4,0,0,4,0,49,3,0,5,2,0,197,2,1,2,2,1,0,2,3,1,1,0,4,2,0,1,2,1,2
2,4,4,5,0,2,1,0,68,4,16,1,1,1,167,1,0,2,0,0,1,4,2,2,0,1,2,2,0,2,0,4,1
0,5,0,0,1,2,2,0,83,5,17,3,1,2,160,2,0,3,1,2,0,0,0,1,1,2,2,0,0,2,1,1,1
1,5,5,4,0,3,5,2,52,5,11,5,1,0,172,3,1,0,3,3,1,0,1,0,0,2,0,4,1,2,0,3,5
0,8,3,4,0,5,4,0,38,5,26,2,4,0,162,3,0,1,3,0,3,1,0,3,3,1,4,0,4,8,2,2,1
0,1,6,5,1,2,0,0,76,6,16,0,0,0,164,4,1,0,1,3,1,0,1,1,1,1,1,5,1,1,0,1,0
2,1,3,7,1,3,3,0,44,4,30,5,0,0,170,4,1,1,3,1,0,2,1,3,2,1,1,1,0,4,0,1,1
2,1,1,6,1,2,2,0,52,5,16,5,4,0,170,2,1,0,3,1,0,1,1,0,4,2,5,5,0,4,1,0,3
1,4,4,8,1,0,4,0,63,6,5,1,2,0,178,1,0,4,1,0,0,3,0,2,0,0,6,2,1,2,0,0,1
0,1,4,2,1,4,5,0,57,8,17,1,0,1,169,3,1,3,4,0,3,1,4,2,1,2,1,0,1,1,1,1,1
0,3,5,6,1,3,7,2,42,2,31,3,0,1,171,2,1,1,1,5,0,2,0,0,0,1,2,0,0,2,0,3,3
3,4,6,5,0,4,4,1,40,5,23,4,1,0,174,1,0,2,2,3,2,0,0,0,1,3,2,0,0,2,1,4,3
0,7,5,6,0,3,6,0,52,7,19,4,2,1,167,0,1,1,2,4,2,0,0,1,1,0,1,0,0,2,1,0,5
2,6,2,7,0,3,3,2,47,6,19,3,0,1,162,2,1,4,3,1,0,0,3,1,1,4,4,2,1,4,2,1,3
0,2,4,3,0,4,3,2,47,5,24,2,1,1,167,3,1,1,1,1,3,4,1,3,2,2,3,3,1,2,1,2,1
0,3,2,2,1,0,5,1,97,3,9,2,1,2,157,2,0,0,0,0,0,1,1,1,3,3,1,0,0,1,0,0,2
1,2,1,2,0,2,2,0,66,5,18,3,0,0,163,4,0,2,1,4,2,0,0,3,1,5,0,0,0,4,0,5,4
0,6,4,5,0,2,2,1,45,7,29,2,0,0,166,5,0,2,1,3,2,2,2,1,1,1,4,2,3,0,0,1,1
0,3,5,8,0,1,9,1,48,5,0,5,2,1,179,1,1,1,2,1,0,0,1,1,2,2,4,3,3,2,3,1,5
0,2,1,7,0,1,4,0,40,4,19,1,3,0,185,2,3,0,1,2,0,0,1,0,3,5,1,1,0,7,2,2,3
1,4,4,7,2,3,3,1,38,6,11,1,1,1,187,3,2,0,0,3,0,0,0,2,3,0,1,2,1,5,3,3,2
0,4,3,5,0,2,1,0,37,10,37,3,2,0,169,2,1,0,4,0,0,1,0,6,3,1,2,1,2,0,0,3,1
2,4,3,4,0,6,8,1,58,6,17,1,2,0,169,6,0,0,1,0,0,0,0,1,2,0,0,2,2,1,0,0,4
0,2,2,5,0,1,3,1,70,7,10,2,0,1,171,2,0,1,2,0,1,0,0,2,4,1,1,2,0,5,0,3,1
0,2,5,4,1,3,7,1,53,7,16,2,0,0,168,4,0,0,3,2,1,0,1,0,1,1,3,4,1,6,2,1,1
0,2,6,1,1,1,1,1,77,9,16,1,1,0,162,4,1,2,0,0,1,2,1,1,1,2,0,2,0,2,1,1,0
0,2,3,4,1,1,2,0,79,5,17,2,1,0,160,3,0,0,0,4,0,1,2,0,3,5,0,1,0,1,1,1,1
1,5,5,4,1,2,8,2,70,4,4,3,2,1,148,8,0,0,3,1,0,0,0,0,2,3,9,2,5,3,0,2,2
0,4,0,1,1,2,3,1,67,4,21,3,1,0,174,3,1,1,0,0,0,0,1,1,1,0,5,1,0,1,3,0,0
3,2,4,5,0,3,6,0,46,6,24,1,0,1,176,3,2,0,4,1,0,0,1,1,0,1,2,3,0,3,0,1,1
1,3,4,4,1,2,2,2,71,5,19,1,1,0,161,2,1,1,0,4,0,2,0,1,4,1,2,0,1,1,0,2,1
2,1,7,8,0,3,6,2,59,8,4,3,2,0,156,4,0,2,1,0,1,3,3,3,0,1,2,3,4,5,2,0,5
1,2,4,4,0,4,1,2,69,7,14,5,0,1,153,1,1,1,1,2,3,0,2,2,0,3,5,2,3,3,2,1,1
1,2,4,3,0,3,3,1,43,9,13,4,1,4,186,3,0,2,3,2,0,1,3,2,0,0,2,1,0,0,2,1,1
1,2,2,2,0,1,3,1,75,5,23,4,0,0,166,1,0,0,0,1,1,0,0,1,3,2,1,1,0,0,2,0,2
1,2,6,3,1,4,5,1,60,6,25,0,1,1,162,3,2,0,0,2,0,0,2,0,1,1,2,3,1,2,2,1,0
0,4,3,3,0,2,4,0,48,5,12,1,2,2,188,1,2,0,0,3,1,0,0,2,2,0,2,3,1,3,0,3,3
4,5,9,4,0,1,11,1,46,11,9,2,2,0,167,4,1,0,5,0,1,1,2,0,1,1,7,0,1,3,0,0,1
3,4,9,5,0,1,4,1,56,4,15,3,3,0,165,6,0,1,1,1,1,0,3,1,0,0,3,2,0,2,1,3,2
1,5,3,4,0,1,3,2,50,2,14,4,3,1,169,4,1,0,1,0,0,1,5,3,0,2,3,3,1,5,3,3,3
0,2,2,5,0,2,7,0,74,4,19,2,1,1,151,3,0,2,0,5,0,2,0,3,1,1,2,3,1,2,1,0,4
1,5,6,7,1,2,4,0,67,8,3,0,1,0,165,3,0,1,3,0,0,1,0,0,0,2,4,5,1,4,2,0,4
1,2,2,0,0,2,0,1,63,6,15,2,0,0,174,2,1,3,1,3,0,0,1,1,2,4,4,2,0,2,1,2,3
0,2,5,7,0,1,4,1,57,4,9,4,1,2,156,3,1,0,3,3,0,0,0,2,5,2,6,7,1,4,1,3,6
3,1,2,0,2,5,1,0,67,2,17,0,1,1,172,1,1,1,1,0,0,1,3,2,3,2,1,1,1,5,0,1,2
0,3,0,0,0,3,0,3,24,3,25,0,1,2,203,2,1,2,3,2,1,2,3,1,4,1,3,1,0,1,2,0,4
0,2,4,6,1,2,4,0,44,13,28,2,4,1,163,6,1,0,3,1,0,1,1,0,0,2,4,2,0,1,1,1,2
1,2,4,8,1,2,3,0,56,3,5,4,0,1,177,3,3,1,2,2,1,3,0,1,3,0,5,1,2,0,1,3,2
2,4,3,8,2,1,6,1,67,6,9,4,1,1,154,4,1,2,5,4,0,0,1,0,1,0,4,3,0,2,0,1,3
1,4,4,7,1,1,4,0,68,6,18,2,0,0,165,1,2,0,0,5,0,0,1,1,1,1,0,0,2,1,1,1,2
2,1,3,2,0,7,3,1,45,4,27,3,1,0,182,3,0,0,0,0,1,2,1,2,1,1,1,0,0,4,1,1,1
2,4,8,8,0,3,6,3,53,8,6,3,2,0,158,6,1,1,3,1,1,1,1,3,0,0,5,2,0,3,1,0,7
1,4,3,4,0,2,2,2,36,5,26,2,4,0,182,5,0,0,1,3,1,0,1,2,0,2,1,1,1,3,1,1,4
0,5,3,2,1,1,3,0,44,2,20,2,2,1,193,0,1,0,2,0,0,1,0,1,3,1,3,2,1,1,1,3,1
2,3,1,4,0,1,4,2,54,9,10,1,4,5,166,0,1,1,5,0,3,1,2,0,0,0,5,1,2,7,1,1,4
2,3,4,4,0,0,4,1,77,9,3,3,2,2,154,2,1,0,1,3,0,2,2,1,5,4,3,2,1,1,1,0,3
0,3,2,7,0,3,1,0,65,5,22,2,1,1,154,5,1,0,2,0,2,0,2,2,5,3,2,3,0,3,1,2,1
0,3,4,1,0,1,4,2,38,3,21,0,2,0,199,1,0,1,2,1,2,1,2,2,0,0,1,2,1,2,2,0,2
1,3,4,1,0,1,3,0,89,6,19,1,1,0,146,1,0,1,0,2,1,0,2,4,2,3,2,2,0,2,0,1,2
4,4,3,7,1,0,8,1,58,7,14,2,3,0,157,6,0,2,4,1,0,0,2,0,0,1,4,1,1,3,2,0,4
0,6,3,6,1,0,10,1,52,5,10,4,0,1,172,4,0,0,2,2,0,0,0,1,2,0,4,2,3,4,0,1,4
1,3,2,7,0,3,3,1,52,3,17,0,0,0,183,4,0,0,2,0,1,0,0,4,3,3,0,0,0,3,0,4,1
1,1,6,7,0,3,7,1,52,6,22,5,1,0,161,2,0,1,2,4,0,0,2,1,0,1,4,1,1,1,2,0,5
1,2,1,5,3,0,4,0,47,7,23,2,1,1,178,3,0,0,0,0,0,2,2,2,1,2,3,4,2,0,0,1,3
1,3,6,5,0,4,6,2,59,7,6,0,1,0,174,1,0,0,4,3,1,1,1,1,0,3,4,1,0,3,0,1,2
0,3,4,4,2,2,3,2,36,6,28,3,1,3,179,4,0,1,4,2,0,1,1,1,1,2,1,1,1,1,2,0,1
5,1,3,6,0,2,4,0,40,4,20,2,1,0,184,5,0,1,0,2,0,2,0,2,3,4,0,2,1,2,1,3,0
0,3,1,3,0,2,0,1,70,4,21,3,0,0,166,1,1,1,2,3,0,0,2,2,1,0,4,2,0,3,2,2,0
0,1,2,2,0,2,2,0,49,6,23,2,1,0,180,3,0,1,0,2,2,3,4,4,0,0,0,0,2,3,1,3,2
1,2,6,4,0,5,5,0,36,11,27,1,2,0,173,7,1,0,1,1,1,0,2,1,3,1,2,2,2,1,0,1,1
2,4,6,4,0,1,5,1,83,6,18,2,0,0,145,1,0,3,0,1,1,0,1,2,2,1,3,2,0,1,2,1,2
2,3,7,7,1,5,4,2,40,5,24,2,4,1,160,4,1,2,2,2,0,0,3,5,0,0,3,3,0,2,1,1,4
1,6,6,5,2,3,8,3,54,7,1,3,3,0,173,0,0,1,3,1,1,0,0,1,2,1,3,3,0,3,0,1,5
1,7,4,3,0,3,4,3,54,5,24,3,1,0,162,2,1,2,2,1,0,1,0,1,3,1,5,2,0,2,1,0,2
4,1,5,5,0,0,0,1,84,8,15,2,0,1,152,1,0,0,1,1,1,1,0,4,1,2,1,1,0,2,3,1,2
1,4,1,0,1,4,2,0,59,3,14,2,1,0,188,0,1,1,0,0,0,3,1,1,1,1,0,2,1,1,1,3,3
1,1,4,5,0,4,1,0,47,7,18,3,1,1,184,2,0,1,1,1,1,0,0,1,0,0,4,2,1,3,2,4,0
1,1,1,3,1,2,3,1,85,8,8,3,2,0,159,0,0,2,1,1,2,0,1,5,1,3,1,0,1,0,1,2,1
1,1,2,5,0,5,3,0,58,4,13,4,0,0,172,6,1,2,1,1,0,2,1,1,2,1,4,2,1,3,1,1,2
0,2,3,3,0,2,2,0,95,6,15,1,0,1,144,3,1,0,1,3,1,0,0,2,0,4,1,4,0,1,1,2,2
1,4,3,8,0,4,5,2,63,5,3,3,0,0,169,1,2,0,5,5,0,0,0,0,5,2,1,0,1,2,1,2,3
2,1,4,2,0,3,1,3,73,7,24,2,1,1,145,3,0,4,2,3,0,0,0,3,2,3,1,0,1,4,0,5,0
1,3,4,6,1,2,1,1,53,9,16,1,0,0,170,4,1,3,2,2,1,1,1,2,1,2,3,2,2,3,0,1,1
0,1,5,4,1,3,2,0,79,7,18,4,2,2,140,5,2,1,1,2,0,3,2,1,1,2,5,0,0,2,0,2,3
0,4,2,5,1,1,3,0,39,1,19,1,2,1,197,0,1,2,1,1,0,2,1,1,0,3,5,0,1,4,0,1,1
2,3,5,7,0,3,7,0,64,5,4,4,2,1,165,1,0,2,3,0,0,4,2,0,0,0,3,0,0,9,0,0,4
2,2,0,5,2,2,3,0,57,11,9,3,1,2,172,2,1,2,5,2,0,1,0,0,2,1,1,4,2,3,0,1,2
2,5,5,4,0,0,5,2,51,4,18,3,2,1,174,5,1,1,1,1,1,2,0,1,1,1,2,2,0,3,2,0,0
0,4,5,6,0,2,3,1,71,4,7,3,1,2,159,0,0,1,2,4,0,0,0,2,1,2,8,2,2,2,1,0,5
1,3,2,3,0,2,4,0,73,8,33,2,0,1,151,0,0,1,0,1,1,1,3,1,0,0,0,3,0,1,0,3,2
0,1,2,9,0,2,3,2,53,7,17,2,0,0,169,5,1,1,3,2,1,0,1,3,4,2,2,1,0,1,2,2,2
0,5,3,3,0,3,6,0,51,5,14,1,0,3,178,5,1,1,3,1,0,3,3,1,1,1,1,0,0,2,0,3,2
1,4,5,3,2,0,1,0,81,3,22,2,1,1,144,3,0,1,1,5,0,1,3,1,1,1,2,2,1,4,0,3,1
0,5,5,4,0,5,1,1,54,10,2,6,1,0,169,0,1,0,4,1,1,0,1,0,3,3,10,1,1,5,1,0,5
0,4,7,6,1,2,4,1,60,7,9,2,2,2,163,4,0,1,2,4,0,0,1,1,0,3,2,1,0,3,2,2,4
0,3,3,5,2,2,4,0,40,5,17,6,3,1,177,3,0,1,1,0,2,1,1,2,2,1,7,0,2,5,2,0,2
2,1,2,6,0,2,1,1,68,5,21,1,3,1,166,3,1,1,1,0,0,1,0,0,2,1,2,2,1,1,1,1,2
1,4,2,1,0,4,3,0,73,10,14,4,0,2,158,3,1,1,0,1,0,0,3,5,0,2,1,2,0,2,1,1,1
0,4,7,5,0,1,5,1,51,8,5,4,3,0,171,2,0,0,6,2,1,0,0,0,1,5,4,1,2,2,2,4,3
1,5,2,2,0,2,2,0,59,6,15,1,0,0,173,2,1,2,1,3,0,1,2,5,1,1,1,3,0,2,2,3,2
0,5,2,5,1,1,5,0,55,4,11,3,0,1,175,0,0,1,1,1,0,1,3,3,1,2,4,2,2,5,0,2,4
1,3,3,3,1,2,2,0,70,3,24,0,2,0,167,1,0,0,2,0,0,0,2,2,0,1,0,1,1,1,2,5,1
3,2,1,6,0,0,3,1,48,9,8,1,0,2,186,3,1,1,3,2,0,0,3,2,1,2,3,1,1,2,0,4,1
0,2,8,10,1,1,3,4,43,10,4,6,5,1,167,0,1,0,2,1,0,1,1,0,3,3,13,1,0,3,0,2,4
2,2,3,4,0,2,2,0,57,6,23,3,1,0,162,3,2,2,4,1,0,1,0,0,1,0,7,1,1,5,1,3,1
1,3,4,10,0,2,8,0,55,5,13,7,1,1,157,3,0,1,3,0,1,1,1,1,2,0,7,2,2,1,1,2,5
1,2,5,9,1,2,5,0,51,11,2,3,1,1,178,2,1,1,2,0,0,0,0,1,0,0,6,1,0,3,2,3,6
0,3,5,3,0,2,2,1,110,8,13,2,3,0,133,2,0,0,0,0,1,0,2,1,1,1,1,1,0,1,1,3,0
0,2,2,3,0,2,2,1,66,7,25,3,1,1,156,2,0,0,1,3,0,3,1,3,2,3,5,2,2,1,0,1,0
2,3,3,8,1,3,7,3,68,7,3,3,1,2,155,4,0,1,2,1,0,1,3,0,2,1,7,2,1,5,0,0,1
0,5,6,1,1,2,8,1,54,7,20,4,1,5,166,6,0,0,2,0,0,0,0,1,2,0,2,1,0,2,2,0,1
2,4,1,8,0,2,9,0,59,7,4,4,3,1,158,2,1,3,4,1,3,1,1,4,1,0,5,1,3,4,0,2,2
3,8,5,4,0,2,3,1,61,3,13,7,2,2,153,3,0,1,6,2,3,0,1,0,2,1,4,2,2,1,1,2,2
1,2,2,1,1,4,5,1,38,6,12,2,3,0,193,4,0,1,2,1,1,0,0,2,0,2,2,4,1,4,0,3,2
1,8,7,8,1,5,8,2,47,7,10,4,5,2,148,2,0,3,4,3,1,0,1,1,1,1,7,1,0,3,2,2,5
2,1,2,4,0,5,4,2,44,5,3,6,1,3,182,2,1,0,3,1,0,1,3,2,0,0,9,1,0,7,2,2,2
0,3,3,3,1,2,6,0,70,6,18,1,1,0,160,1,0,4,4,2,0,1,0,0,2,4,5,0,0,1,0,2,0
3,1,3,4,0,1,3,1,55,3,18,1,2,1,173,5,1,1,0,0,1,4,2,4,0,3,1,3,2,3,0,0,1
2,3,6,3,0,2,2,0,65,5,15,2,2,1,174,0,0,1,0,0,0,1,1,1,1,2,3,2,1,3,1,1,0
1,5,3,5,0,2,5,2,40,5,34,1,3,2,163,4,2,1,2,3,1,2,1,1,0,0,4,1,1,2,1,2,1
0,2,0,4,1,0,2,1,57,4,21,4,1,0,184,0,1,0,1,3,2,1,0,0,0,0,3,3,0,2,0,2,1
2,3,4,1,0,3,0,2,95,6,17,0,0,1,138,9,1,0,1,1,2,2,2,3,1,1,0,1,0,1,1,0,2
2,2,5,6,0,3,6,0,55,12,5,3,2,5,157,3,0,1,2,1,1,1,3,4,1,0,8,0,1,3,1,3,4
3,4,4,5,1,2,4,0,71,4,14,3,2,1,163,6,1,1,0,0,0,1,1,1,1,0,1,1,0,2,0,2,1
1,1,6,2,0,1,6,3,58,4,25,0,2,1,160,6,1,0,0,7,0,1,1,3,2,2,3,0,1,1,1,0,1
1,6,2,3,0,4,2,0,56,5,16,1,4,1,167,6,1,1,0,2,0,2,2,1,3,1,3,4,0,1,1,2,2
0,0,5,10,1,2,6,1,49,3,13,1,3,2,176,4,2,1,0,3,0,1,0,0,2,5,2,0,3,1,2,0,2
2,5,12,10,1,7,2,5,55,6,7,4,4,0,141,5,1,2,4,1,1,0,1,0,1,1,3,3,3,7,1,0,5
1,1,1,1,1,3,6,0,63,3,9,6,2,4,182,2,0,1,1,0,0,2,0,1,1,1,1,1,1,2,0,2,1
0,0,5,2,1,2,1,2,92,2,8,1,1,3,152,4,1,2,1,2,1,0,1,5,2,1,1,2,1,0,1,3,0
0,0,4,3,0,6,7,0,49,2,20,2,3,0,172,7,0,0,1,1,1,1,3,5,1,1,3,1,0,4,1,0,2
2,6,5,7,0,4,4,2,49,7,14,6,2,0,166,6,0,0,1,1,0,2,0,2,1,3,1,2,1,2,0,1,3
1,4,2,7,0,1,5,3,54,3,21,3,1,0,162,7,0,1,2,3,0,1,2,0,0,2,3,1,1,2,1,2,5
3,1,4,1,1,3,3,0,55,4,21,1,1,2,172,3,1,1,0,1,0,1,0,2,0,5,2,3,1,1,1,6,0
2,0,3,1,1,2,2,0,71,4,21,3,1,0,163,2,2,0,1,3,1,1,1,0,1,2,3,1,0,2,3,3,0
2,6,3,4,1,1,3,1,47,3,24,4,2,0,177,3,1,2,1,0,1,0,2,3,0,3,3,0,0,1,0,0,2
3,2,4,2,0,3,1,0,61,3,9,2,2,1,180,1,1,3,2,0,0,2,1,3,0,2,3,4,0,4,0,0,1
0,3,6,4,1,1,2,0,59,5,16,2,0,1,170,2,2,1,1,3,2,1,3,1,1,1,1,3,0,3,2,2,1
0,1,1,2,0,4,5,1,68,5,22,1,2,1,152,7,0,4,2,4,2,0,2,3,1,1,1,3,0,2,0,3,0
1,2,5,6,0,0,9,2,58,3,0,4,1,0,177,2,0,0,3,2,0,4,0,1,4,4,6,2,1,1,1,1,0
0,3,1,2,0,0,0,1,88,5,15,4,0,1,156,2,0,2,0,1,3,0,0,2,2,3,0,2,2,1,2,0,2
2,3,0,7,0,4,2,1,73,1,17,1,0,1,162,4,1,4,1,2,0,1,4,1,3,1,0,1,1,1,0,0,1
3,1,8,0,0,0,1,1,91,6,20,2,0,1,142,4,0,1,0,0,0,0,2,3,0,1,2,4,1,5,0,1,0
0,4,6,1,0,3,2,2,75,6,15,1,0,0,164,2,0,2,1,3,1,2,0,0,0,3,1,3,0,1,1,0,1
2,3,2,4,1,1,6,0,51,5,3,2,0,1,188,0,0,2,2,1,0,1,2,1,0,0,9,1,4,1,0,4,3
0,2,2,6,1,4,6,1,43,5,28,4,1,2,167,7,0,1,1,2,0,1,2,1,1,1,3,3,0,3,0,1,1
0,0,5,3,1,2,8,2,57,6,4,4,2,1,168,4,0,2,6,3,0,1,0,2,3,1,3,1,2,4,1,1,3
0,0,9,4,0,1,5,3,57,8,8,4,1,4,155,3,0,2,3,0,1,0,5,2,1,2,4,2,2,5,0,2,7
