0,0,137,0,1,0,23,0,0,0,0,0,6,0,0,47,0,0,0,0,13,17,0,0,0,56,0,0,0,0,0,0,0
0,0,148,0,0,0,7,0,0,0,0,0,4,0,0,61,0,0,0,0,3,26,0,0,0,51,0,0,0,0,0,0,0
39,14,0,4,6,0,4,3,30,0,10,2,2,12,27,0,14,0,13,39,1,2,6,26,0,1,1,0,16,0,1,3,24
32,12,0,7,10,0,4,5,21,0,9,4,1,16,30,0,11,1,15,39,3,3,3,26,0,5,0,0,14,1,2,8,18
38,10,0,4,4,0,1,1,26,0,12,4,0,18,38,0,18,3,19,31,2,0,1,25,0,2,1,0,11,0,1,3,27
33,1,0,11,7,0,3,9,15,0,12,1,0,14,33,0,8,21,15,32,1,2,2,27,0,0,1,0,9,0,2,9,32
18,3,1,0,2,0,2,2,32,0,23,9,3,15,38,0,19,0,13,40,3,2,11,38,0,2,1,0,0,1,1,0,21
26,15,1,13,4,0,0,9,12,0,10,1,3,20,33,0,1,0,16,32,9,1,3,36,0,2,2,0,11,2,1,14,23
37,10,0,19,4,0,4,7,15,0,13,0,2,24,34,0,3,0,18,29,2,2,0,27,0,0,4,0,7,3,5,8,23
27,1,0,21,8,0,1,17,3,3,31,0,2,16,6,0,2,15,17,38,2,2,2,20,0,0,10,0,3,3,13,12,25
23,1,0,16,3,0,2,19,5,11,28,9,1,32,5,0,4,14,22,16,1,4,0,8,0,2,13,0,3,7,19,12,20
17,3,0,24,2,0,1,17,5,8,25,14,1,33,3,0,2,1,36,6,1,2,7,2,0,0,19,2,2,21,10,10,26
19,3,0,23,2,0,0,8,5,4,22,12,3,30,3,0,5,1,34,8,3,3,5,3,0,0,17,0,4,24,12,23,24
7,5,0,25,0,0,0,13,2,3,31,17,5,39,5,0,3,1,34,6,3,1,13,3,0,0,18,2,2,18,11,21,12
12,10,0,26,1,0,0,11,2,2,22,17,5,46,6,0,2,1,28,7,2,0,13,1,0,0,13,0,2,20,10,23,18
7,2,0,23,1,0,0,13,2,2,24,26,1,42,4,0,3,2,36,7,4,1,11,6,0,0,16,0,2,16,15,26,8
5,4,0,25,1,0,0,17,3,5,17,24,1,49,1,0,0,2,25,7,0,0,17,1,0,0,19,1,1,22,17,18,18
7,10,0,21,1,0,0,11,1,9,19,26,0,42,2,0,1,4,35,2,2,1,9,0,0,0,22,0,2,22,18,22,11
5,12,0,13,1,0,0,9,1,9,23,24,0,49,1,0,2,7,24,2,0,2,16,3,0,0,23,1,6,23,20,11,13
4,8,0,21,3,0,0,11,1,7,17,26,0,38,2,0,0,4,29,5,4,2,20,1,0,0,25,3,7,17,15,16,14
5,12,0,23,0,0,0,13,0,4,12,26,0,36,3,0,3,11,27,3,2,3,16,1,0,0,23,1,12,16,15,23,10
6,7,0,25,0,0,0,9,0,2,22,26,2,34,2,0,0,7,34,2,2,0,15,2,0,0,29,1,14,18,12,17,12
3,5,0,29,0,0,0,22,0,0,15,26,6,36,0,0,0,19,31,2,0,2,16,0,0,0,24,0,10,19,14,12,9
12,8,0,24,3,0,0,12,0,0,24,23,8,30,0,0,1,11,30,2,2,3,10,1,0,0,20,0,6,20,18,15,17
8,5,0,32,2,0,0,14,0,0,17,21,5,26,2,0,1,11,28,6,1,4,12,1,0,0,21,0,9,27,20,13,14
5,7,0,23,0,0,1,10,2,0,23,16,2,30,1,0,0,15,30,3,0,2,6,2,0,0,24,0,12,26,23,10,27
13,7,0,20,1,0,0,25,1,0,26,7,7,38,1,0,1,12,30,5,1,1,3,1,0,0,19,0,14,24,14,9,20
12,3,0,26,0,0,1,12,1,0,37,7,5,32,1,0,0,11,25,2,0,1,6,1,0,0,21,0,20,26,25,12,13
16,8,0,12,3,0,1,17,1,0,30,19,4,31,0,0,0,7,33,6,3,1,6,4,0,0,21,0,17,14,23,7,16
14,11,0,9,0,0,2,12,0,0,31,13,3,27,2,0,2,14,35,7,2,2,11,2,0,0,22,0,16,23,8,10,22
13,10,0,12,0,0,0,16,2,0,30,19,3,25,2,0,0,11,23,4,0,1,11,3,0,0,21,0,18,32,17,7,20
8,11,0,21,0,0,2,14,0,0,27,14,2,40,3,0,0,5,26,7,0,2,7,6,0,0,19,1,14,22,20,8,21
13,10,0,12,1,0,3,8,2,0,29,15,3,37,0,0,1,13,26,4,3,1,4,4,0,0,29,0,12,16,18,14,22
20,6,0,10,0,0,2,10,1,0,25,13,4,39,2,0,0,6,24,7,0,0,5,3,0,0,20,0,17,21,20,16,29
15,9,0,16,1,0,0,17,1,1,25,14,4,42,0,0,2,8,19,8,0,1,7,1,0,0,19,0,20,23,16,13,18
9,13,0,11,2,0,2,14,1,0,35,12,5,33,0,0,2,8,33,7,2,1,8,1,0,0,22,0,9,23,19,14,14
18,10,0,26,1,0,0,11,2,0,28,10,3,32,2,0,2,1,29,7,1,0,3,1,0,0,24,0,14,28,23,8,16
16,12,0,15,2,0,2,20,1,0,39,11,3,25,1,0,0,3,22,4,0,1,14,2,0,0,26,0,12,18,24,5,22
9,17,0,17,0,0,0,19,0,0,29,11,3,26,1,0,0,1,39,3,1,2,9,4,0,0,25,0,16,17,13,17,21
7,13,0,21,2,0,0,18,0,8,31,21,0,32,1,0,3,5,38,0,2,1,16,2,0,0,14,0,14,20,12,9,10
5,9,2,19,5,0,1,11,0,9,19,31,0,34,2,0,2,5,30,2,0,1,21,2,0,0,10,0,16,19,16,14,15
8,11,3,15,3,0,1,11,1,13,13,18,0,35,4,2,3,8,35,0,1,1,18,2,0,1,19,2,20,13,17,14,8
0,13,7,13,4,0,2,14,4,18,13,25,0,30,0,3,4,5,25,1,0,0,18,1,0,0,16,16,15,20,10,17,6
2,17,10,13,2,0,0,14,2,14,6,24,1,21,4,6,0,10,31,1,2,0,19,1,0,0,13,36,17,6,10,8,10
5,15,11,18,4,1,1,13,1,22,9,12,0,23,0,8,1,11,17,0,1,1,18,0,0,0,11,33,16,15,7,18,8
1,20,20,17,1,9,0,11,7,10,5,15,1,32,0,9,1,9,15,2,1,1,10,1,0,3,14,40,9,7,8,17,4
1,20,13,7,3,12,0,11,1,9,9,14,1,28,1,5,0,4,14,1,0,1,19,2,0,1,12,51,18,13,11,14,4
3,15,14,15,4,41,0,18,0,2,8,11,1,18,3,1,1,9,9,2,0,3,16,0,0,3,13,38,13,15,9,14,1
2,17,9,19,0,7,2,6,3,17,8,18,2,15,1,8,2,3,20,0,3,4,15,2,0,3,9,69,7,11,7,8,3
4,11,8,10,0,0,1,3,2,66,16,7,6,12,5,4,3,15,19,0,0,6,3,2,0,6,12,30,4,13,15,3,14
4,5,9,6,1,0,3,17,2,59,15,7,2,5,0,9,3,55,7,3,2,1,6,2,0,0,10,0,13,5,15,11,23
9,3,6,4,1,0,2,8,7,94,15,6,2,7,2,4,3,51,8,5,0,1,3,3,0,2,12,0,11,5,10,7,9
5,11,5,11,1,0,2,5,1,12,7,2,4,8,5,3,1,121,5,3,0,2,5,3,0,0,3,0,49,2,4,10,10
9,72,4,5,1,0,0,4,4,0,11,8,1,8,3,1,2,2,7,8,0,0,16,0,0,0,4,0,109,2,5,6,8
3,93,1,3,0,0,1,1,3,0,8,44,1,0,3,4,2,0,5,7,2,1,81,6,0,0,8,0,3,12,3,4,1
1,96,1,3,0,0,2,1,2,0,7,40,1,3,8,4,2,0,1,7,2,0,89,7,0,1,3,0,2,6,1,4,6
6,0,0,4,2,0,0,2,9,0,1,95,1,2,4,1,2,0,3,1,0,1,18,1,0,0,51,0,0,80,10,4,2
6,0,0,5,8,0,0,73,2,0,0,0,2,4,0,0,4,0,2,7,4,0,0,4,0,0,79,0,0,4,73,15,8
4,0,1,30,7,0,2,97,1,0,2,0,0,7,3,0,0,0,7,0,2,1,0,1,0,0,0,0,0,0,65,69,1
4,0,1,49,2,0,1,88,1,0,8,0,1,12,4,0,4,0,6,4,4,5,0,4,0,1,0,0,0,0,12,87,2
4,0,0,48,6,0,0,76,7,0,6,0,2,15,10,0,5,0,7,2,6,1,0,3,0,0,0,0,0,0,20,78,4
5,0,1,75,12,0,1,26,2,0,4,0,3,19,9,0,12,0,5,2,4,14,0,7,0,0,0,0,0,0,0,91,8
4,0,0,49,8,0,2,23,8,0,7,0,5,27,11,0,12,0,14,4,8,14,0,7,0,0,0,0,0,0,0,96,1
4,0,1,53,15,0,3,8,8,0,3,0,13,28,7,0,14,0,10,4,19,26,0,7,0,2,0,0,0,0,0,71,4
4,0,3,47,17,0,2,2,12,0,7,0,13,24,15,0,6,0,6,7,36,26,0,12,0,2,0,0,0,0,0,57,2
2,0,1,43,18,0,5,1,15,0,3,0,26,13,16,0,14,0,11,12,23,45,0,19,0,1,0,0,0,0,0,29,3
8,0,0,35,24,0,1,1,16,0,7,0,27,11,25,0,18,0,2,6,45,37,0,11,0,2,0,0,0,0,0,20,4
28,0,1,0,27,0,3,5,18,0,4,0,3,3,13,0,34,0,1,28,37,13,0,16,0,0,26,0,0,4,16,5,15
38,16,0,14,5,0,1,2,25,0,24,1,0,14,21,0,6,0,25,24,3,1,1,18,0,2,3,0,23,0,5,3,25
46,8,0,13,6,0,2,5,19,0,24,2,3,9,25,0,5,0,17,25,2,7,0,23,0,2,4,0,9,1,1,11,31
32,1,0,20,0,0,1,16,1,2,40,2,1,31,7,0,0,1,29,9,3,1,5,10,0,0,11,0,2,10,17,12,36
14,7,0,35,2,0,0,23,1,2,30,13,4,21,4,0,2,1,23,3,4,5,17,1,0,0,11,0,0,17,17,26,17
5,6,0,28,5,0,0,14,1,0,41,18,1,12,3,0,3,2,29,5,5,3,17,13,0,0,17,0,2,10,23,19,18
6,5,0,35,1,0,0,14,4,2,55,17,5,18,1,0,1,1,17,6,2,6,15,4,0,0,20,0,3,13,16,13,20
6,4,0,20,2,0,0,17,3,3,56,13,2,17,1,0,2,2,30,3,1,5,25,0,0,0,17,0,5,20,14,20,12
5,22,0,18,2,0,0,24,2,1,36,20,0,36,2,0,0,1,33,3,2,3,12,1,0,0,13,0,3,20,20,17,4
5,12,0,16,0,0,0,14,2,3,29,13,0,22,3,0,0,1,40,7,4,4,22,2,0,0,25,0,3,24,16,17,16
2,17,0,9,4,0,0,17,1,5,30,27,2,21,4,0,2,1,32,4,4,8,15,1,0,0,11,0,2,31,28,10,12
3,19,0,21,3,0,0,13,0,2,28,16,0,22,3,0,3,0,46,3,6,4,14,2,0,0,21,0,1,25,25,12,8
5,20,0,17,4,0,0,17,2,3,22,21,0,25,1,0,1,1,38,3,8,4,11,0,0,0,16,0,6,24,25,18,8
3,18,0,14,3,0,0,21,0,3,24,27,0,24,1,0,0,2,46,0,4,1,9,2,0,0,12,1,9,23,19,17,17
7,14,0,20,3,0,0,19,1,2,33,15,0,17,0,0,1,3,39,5,7,1,18,4,0,0,18,1,4,22,14,19,13
3,13,0,13,5,0,0,26,4,3,25,22,0,22,0,0,1,2,47,3,6,1,17,3,0,0,15,0,5,17,16,22,9
4,16,0,13,8,0,0,21,2,4,17,11,1,36,2,0,0,4,46,1,7,3,14,2,0,0,14,0,3,23,15,24,9
3,15,0,13,5,0,0,22,2,0,26,19,0,30,1,0,3,4,50,1,7,3,12,1,0,0,17,1,1,22,17,18,7
6,16,0,23,4,0,0,13,2,4,15,16,0,27,0,0,2,1,39,3,5,2,20,3,0,0,23,1,3,30,12,20,10
4,11,0,20,2,0,0,19,3,0,15,17,0,38,0,0,3,2,33,4,5,0,14,2,0,0,25,0,6,25,19,24,9
7,14,0,27,3,0,0,19,2,2,19,20,0,45,1,0,2,1,36,3,3,0,8,3,0,0,15,0,3,25,15,19,8
6,10,0,30,4,0,0,17,1,1,18,21,1,43,3,0,4,2,23,5,6,1,17,2,0,0,19,0,4,13,14,26,9
5,11,0,33,2,1,0,16,2,3,22,26,0,48,2,0,2,2,27,2,1,0,14,3,0,0,15,2,4,15,15,22,5
8,17,0,15,0,3,0,18,1,2,33,23,4,50,4,0,5,6,21,4,3,0,16,3,0,0,17,0,4,11,8,13,11
5,13,0,26,2,3,0,13,4,1,31,23,0,39,5,0,2,2,25,1,5,3,14,2,0,0,16,0,9,15,17,13,11
6,10,0,30,0,0,0,15,2,2,43,14,0,47,4,0,0,4,34,3,4,1,11,3,0,0,8,1,8,13,12,15,10
4,11,0,37,0,1,0,2,0,2,25,21,1,46,1,0,2,4,39,1,1,3,11,5,0,0,9,4,9,13,8,24,16
10,9,0,31,0,3,0,14,2,4,26,13,0,57,1,0,3,5,27,6,5,7,4,4,0,0,9,1,3,18,11,14,13
7,10,0,30,3,2,0,12,2,2,28,8,1,54,1,0,3,6,26,2,1,1,10,5,0,0,13,2,2,7,13,34,15
8,9,0,20,1,0,0,20,1,1,39,18,1,41,4,0,0,1,35,5,3,3,6,4,0,0,13,2,4,14,8,23,16
11,8,0,29,1,0,1,11,3,0,32,15,1,49,4,0,0,1,22,9,4,1,8,1,0,0,15,0,3,25,10,19,17
6,5,0,31,0,0,0,15,0,2,24,10,3,43,5,0,1,1,30,5,3,6,9,4,0,0,10,0,11,23,11,19,23
8,10,0,29,2,0,0,18,4,0,29,16,2,41,6,0,1,0,26,4,4,3,13,1,0,0,12,0,6,20,11,18,16
12,7,0,25,1,0,0,12,2,0,26,18,2,42,6,0,2,1,38,7,5,2,7,2,0,0,16,1,4,20,7,18,17
4,5,0,27,0,0,0,11,3,0,31,7,4,50,3,0,1,2,28,6,2,2,10,4,0,0,23,0,2,21,8,16,30
8,8,0,21,1,0,1,4,3,2,33,10,1,60,4,0,2,1,30,6,2,3,3,3,0,0,16,0,4,22,14,18,20
15,3,0,23,1,0,4,7,0,1,17,14,2,44,5,0,2,3,37,9,1,4,10,6,0,0,23,0,1,20,11,15,22
12,2,0,27,2,0,5,13,2,0,22,8,2,35,7,0,1,4,45,4,2,6,9,2,0,0,22,0,1,15,16,14,22
9,4,0,16,0,0,2,11,6,1,25,13,1,36,3,0,1,0,43,2,4,7,5,4,0,0,26,0,3,21,25,15,17
12,4,0,15,3,0,1,8,3,4,28,20,2,48,7,0,4,5,31,5,1,4,6,6,0,0,13,0,3,21,14,15,17
13,4,0,15,0,0,3,14,4,3,36,10,3,40,6,0,2,3,28,8,0,3,8,2,0,0,26,1,4,20,14,17,13
10,6,0,15,4,0,2,6,3,4,34,17,1,44,5,0,0,2,32,10,2,3,3,3,0,0,21,0,4,26,13,11,19
11,5,0,20,1,0,1,8,6,3,25,17,4,35,3,0,1,3,35,7,0,2,7,6,0,0,22,0,6,16,16,13,27
15,3,0,23,2,0,3,7,0,0,35,10,2,48,2,0,1,1,29,4,1,5,7,9,0,0,26,0,2,15,15,14,21
11,3,0,24,2,0,4,5,4,1,30,6,3,50,4,0,3,4,24,7,1,2,8,3,0,0,19,0,4,28,11,15,24
11,6,0,27,0,0,1,10,5,1,24,10,2,44,3,0,5,3,31,7,1,2,10,5,0,0,22,1,6,13,10,15,25
11,9,0,26,3,0,1,6,4,1,29,16,1,36,4,0,2,2,30,9,1,6,6,4,0,0,15,0,2,24,21,7,24
12,4,0,24,0,0,0,11,1,0,21,11,3,48,10,0,2,2,23,8,2,10,6,2,0,0,17,0,7,32,9,16,19
13,4,0,27,1,0,1,8,3,0,25,12,3,55,4,0,2,1,33,3,0,4,12,7,0,0,17,0,1,17,15,11,21
16,6,0,21,1,0,0,14,1,0,32,14,0,59,2,0,1,0,28,8,1,1,6,1,0,0,14,0,1,20,9,13,31
16,7,0,18,0,0,0,14,1,0,38,12,0,49,2,0,3,1,34,10,2,3,6,4,0,0,18,0,3,16,5,14,24
22,2,0,32,2,0,0,5,3,0,31,13,0,45,3,0,1,0,33,9,2,1,7,8,0,0,18,0,3,10,8,14,28
9,6,0,18,1,0,0,3,3,0,22,16,3,64,6,0,0,0,48,6,0,0,9,4,0,0,26,0,1,10,9,14,22
17,7,0,17,0,0,0,7,7,0,41,15,3,56,7,0,1,0,44,8,1,1,4,3,0,0,13,0,4,9,10,7,18
12,6,0,32,0,0,1,5,3,0,33,14,2,55,7,0,2,2,41,10,1,1,2,10,0,0,11,0,3,12,9,7,19
11,4,0,23,2,0,1,5,3,0,34,16,2,58,7,0,1,1,50,5,3,1,4,9,0,0,14,0,3,12,7,4,20
23,4,0,25,1,0,0,4,11,0,42,8,1,46,5,0,1,0,44,10,1,1,6,4,0,0,13,0,7,12,10,4,17
19,3,0,20,2,0,0,6,2,0,33,9,4,56,7,0,3,0,53,10,1,5,3,6,0,0,7,0,1,14,7,5,24
12,5,0,17,3,0,3,5,5,0,31,10,1,53,7,0,4,4,51,6,0,2,1,11,0,0,8,0,5,15,13,9,19
16,3,0,14,5,0,3,6,4,2,29,7,2,44,8,0,7,0,56,4,3,4,3,8,0,0,18,0,2,8,16,6,22
20,1,0,12,2,0,0,7,9,1,36,6,3,46,12,0,5,4,48,11,1,1,3,6,0,1,9,0,1,16,8,4,27
17,4,0,14,2,0,0,7,4,0,34,5,4,38,11,0,12,5,52,11,1,2,3,10,0,1,11,0,1,14,8,7,22
17,2,0,9,5,0,5,9,6,1,35,10,4,45,4,0,4,2,54,7,5,2,3,9,0,0,10,0,3,19,9,3,18
11,4,0,10,2,0,3,8,9,4,34,9,2,35,9,0,3,1,57,13,1,6,2,10,0,0,8,0,3,13,8,3,32
18,1,0,17,3,0,3,8,5,1,40,5,7,33,11,0,3,4,55,16,1,3,2,10,0,1,8,0,2,13,11,4,15
12,3,0,6,4,0,4,6,2,3,53,5,2,38,13,0,6,1,55,12,3,2,0,10,0,1,13,0,2,12,8,7,17
17,0,0,12,4,0,0,5,6,1,34,3,3,31,8,0,5,3,66,14,5,3,2,10,0,1,13,0,0,14,11,10,19
16,3,0,7,4,0,3,8,8,0,25,14,3,36,9,0,6,4,60,13,2,4,1,10,0,4,6,0,5,9,10,7,23
21,5,0,7,9,0,2,6,2,0,42,6,4,24,8,0,7,1,56,10,4,3,2,5,0,1,9,0,3,21,9,6,27
22,2,0,12,3,0,1,11,7,0,41,8,6,26,11,0,7,1,50,11,4,3,2,0,0,0,17,0,3,7,12,5,28
19,2,0,9,3,0,4,14,10,0,36,1,3,31,4,0,5,6,59,13,5,4,4,5,0,1,9,0,1,6,9,9,28
15,3,0,2,1,0,5,13,10,0,38,5,6,36,9,0,3,1,58,13,4,1,4,16,0,2,6,0,3,4,16,5,21
24,3,0,2,10,0,5,5,10,0,37,3,5,23,10,0,8,4,53,6,6,5,1,8,0,1,12,0,1,18,11,9,20
23,0,0,11,11,0,1,10,14,0,38,3,7,21,10,0,8,1,36,13,2,5,5,11,0,0,13,0,1,5,11,5,35
22,0,0,8,6,0,4,11,11,0,41,8,1,18,13,0,3,1,47,8,2,3,3,11,0,3,11,0,1,7,16,12,29
30,1,0,4,5,0,3,8,13,0,48,5,4,15,8,0,4,4,37,9,5,3,1,13,0,4,10,0,3,5,18,4,36
25,1,0,5,3,0,3,9,11,1,35,4,4,11,7,0,7,3,44,24,4,3,3,15,0,1,12,0,3,13,17,4,28
24,2,0,7,10,0,2,9,10,1,48,1,2,7,5,0,22,2,27,18,3,5,2,25,0,2,1,0,2,9,15,3,36
31,3,0,8,14,0,0,9,12,0,46,2,2,11,10,0,16,0,16,20,6,3,1,13,0,0,6,0,5,6,16,10,34
32,0,0,8,7,0,0,17,17,0,42,2,2,12,13,0,17,2,11,22,1,4,4,19,0,0,7,0,1,3,13,6,38
31,4,0,4,16,0,0,22,17,0,41,3,1,13,12,0,12,4,8,20,6,6,1,13,0,0,10,0,2,4,9,10,31
21,1,0,5,5,0,0,16,12,0,44,1,2,9,13,0,16,1,11,29,6,4,2,17,0,0,3,0,2,1,8,12,59
35,1,0,5,6,0,0,14,19,0,36,3,0,14,10,0,17,1,5,28,9,3,1,13,0,0,2,0,1,3,8,18,48
36,3,0,6,9,0,0,13,18,0,30,3,1,8,8,0,12,1,9,21,5,6,2,15,0,0,2,0,4,2,9,18,59
33,1,0,12,14,0,0,11,14,0,25,0,0,11,13,0,11,0,9,29,4,7,0,17,0,0,2,0,1,2,8,9,67
29,5,0,10,6,0,0,15,11,0,43,2,1,11,14,0,10,2,37,16,2,1,2,12,0,0,12,0,5,11,11,10,22
36,3,0,46,2,0,0,8,7,2,20,8,0,43,11,0,3,4,32,12,1,0,4,4,0,0,4,0,1,7,7,10,25
16,2,0,33,1,0,2,7,8,1,24,5,1,44,8,0,3,1,35,16,3,4,2,11,0,0,7,0,3,8,5,13,37
20,2,0,28,0,0,0,13,12,1,29,2,1,34,11,0,4,4,29,8,0,1,2,17,0,0,11,0,1,7,10,29,24
24,1,0,29,2,0,0,11,9,0,29,2,4,25,14,0,6,0,35,16,1,2,1,17,0,0,8,0,1,3,13,14,33
15,0,0,32,2,0,0,21,7,0,28,3,2,33,13,0,4,1,28,19,1,1,2,13,0,0,8,0,2,6,17,22,20
16,1,0,41,4,0,0,20,3,0,20,5,6,32,1,0,5,3,24,7,1,2,1,7,0,0,23,0,0,15,14,31,18
17,2,0,29,1,0,0,20,4,1,28,6,6,17,6,0,3,1,28,9,1,4,2,9,0,0,19,0,0,18,15,36,18
21,2,0,24,1,0,0,24,7,0,15,9,2,18,8,0,3,1,15,5,0,4,8,7,0,0,18,0,0,35,23,42,8
18,4,0,14,2,0,0,25,1,0,26,13,1,15,6,0,5,1,20,7,3,3,9,4,0,0,11,1,0,30,26,37,18
18,8,0,14,2,0,0,35,3,0,10,17,0,19,2,0,3,0,15,6,1,4,14,4,0,0,27,0,0,20,31,27,20
6,16,0,25,3,2,0,19,2,2,20,13,0,23,5,0,0,1,11,9,7,4,27,6,0,0,17,0,12,19,28,14,9
6,13,0,24,0,1,0,21,2,1,14,15,0,17,2,0,2,0,16,4,4,2,19,10,0,0,36,0,11,31,19,13,17
10,14,0,19,1,1,0,19,4,1,15,21,1,27,6,0,1,1,13,7,1,1,17,3,0,0,24,0,8,22,29,16,18
6,11,0,24,3,0,0,20,3,0,17,22,0,23,3,0,0,0,24,3,1,1,10,5,0,0,25,0,6,23,32,25,13
7,10,0,21,2,0,0,25,2,1,14,30,0,18,2,0,3,1,19,7,2,0,22,3,0,0,24,0,5,22,27,24,9
6,6,0,26,7,0,0,15,2,0,15,36,0,30,2,0,3,1,10,4,0,0,25,7,0,0,27,0,5,27,20,19,7
9,9,0,18,3,0,0,25,3,6,8,33,0,24,2,0,0,5,13,5,1,0,24,8,0,0,16,0,17,29,25,12,5
4,9,0,14,10,1,0,19,5,7,12,33,0,19,8,0,3,5,11,4,1,1,31,1,0,0,19,4,10,25,17,20,7
5,14,0,15,5,3,0,20,4,6,7,35,0,17,4,0,2,0,11,6,2,1,52,0,1,0,21,0,7,27,10,21,4
2,20,0,16,3,2,0,22,1,10,11,39,0,7,2,0,3,10,7,2,0,1,37,4,1,0,19,5,16,26,17,13,4
3,29,0,12,1,3,0,15,5,14,4,33,0,14,2,0,1,12,5,4,2,1,38,2,1,0,20,8,11,28,12,18,2
9,28,0,12,1,2,0,16,4,11,5,36,0,10,2,0,5,7,7,4,1,0,33,4,1,0,21,7,13,33,14,8,6
5,28,0,12,2,2,0,11,3,7,4,35,0,14,4,0,6,10,4,4,1,2,49,6,2,0,11,9,16,24,12,12,5
7,28,0,16,1,4,0,17,9,9,7,32,0,3,3,0,6,5,5,2,2,0,26,4,1,0,14,14,28,21,20,14,2
4,26,0,11,2,3,0,18,6,12,2,24,0,4,5,0,4,10,10,4,0,1,34,4,1,0,23,9,30,30,8,14,1
1,26,0,8,0,4,0,20,5,14,4,24,0,12,5,0,1,10,3,5,3,0,32,3,0,0,13,21,32,26,9,13,6
5,34,0,18,5,1,0,13,5,19,6,32,0,11,2,0,8,10,6,1,4,0,29,6,1,0,16,4,16,20,17,8,3
3,31,0,12,6,1,0,7,4,16,6,21,0,8,12,0,11,8,9,5,2,1,27,4,0,0,17,13,25,23,14,11,3
3,26,0,3,0,4,0,14,1,18,4,35,0,16,5,0,7,9,6,1,1,0,31,2,6,0,24,15,25,17,11,14,2
5,33,0,18,1,1,0,11,3,11,2,28,0,17,2,0,6,5,9,1,1,0,23,3,7,0,18,15,16,23,20,17,4
1,38,0,9,6,7,0,11,5,18,6,17,0,13,2,0,5,10,7,2,0,1,31,1,8,0,7,19,15,26,22,10,3
1,22,0,14,5,6,0,17,6,17,10,26,0,11,6,0,3,11,8,0,3,2,26,4,12,0,29,11,7,19,12,10,2
2,24,0,16,1,4,0,23,4,16,5,24,0,4,5,0,3,11,12,1,3,4,22,5,14,0,22,16,6,21,16,16,0
2,21,0,12,3,4,0,23,4,13,6,22,0,6,1,0,2,17,7,0,2,1,34,0,26,0,13,6,9,19,28,17,2
1,11,0,15,1,5,0,19,2,17,10,28,0,9,4,0,1,12,4,1,1,0,27,2,31,0,21,4,7,22,25,17,3
3,2,0,8,4,7,0,18,4,15,7,30,0,7,1,0,4,17,7,0,2,1,25,3,39,0,17,8,4,20,22,23,2
2,7,0,18,4,14,0,18,2,21,4,26,0,12,3,0,4,18,7,2,1,1,8,1,32,0,12,6,12,29,16,20,0
3,6,0,30,5,11,0,15,1,3,4,12,0,20,6,0,3,23,6,2,4,2,4,1,32,0,23,3,18,26,17,19,1
2,4,0,19,2,24,0,26,2,7,5,22,0,11,3,0,3,16,12,3,2,2,6,2,26,0,29,3,12,19,13,19,6
1,8,0,19,7,23,0,24,0,11,5,8,0,30,0,0,3,10,13,3,3,0,7,0,10,0,25,3,23,15,21,22,6
2,19,0,24,1,18,0,15,1,7,3,11,0,14,2,0,0,11,11,2,2,3,19,2,7,0,29,4,31,15,20,21,6
3,12,0,25,2,19,0,19,1,9,5,13,1,31,1,0,2,6,12,2,2,3,12,1,0,0,28,3,26,15,26,16,5
5,16,0,20,1,12,0,22,2,12,10,13,3,17,1,0,1,9,13,4,3,6,12,1,0,0,18,1,25,7,26,33,7
4,19,0,16,1,12,0,40,1,6,9,8,0,20,2,0,0,9,15,3,8,0,10,1,0,0,20,0,27,11,19,31,8
3,19,0,28,3,10,0,30,0,8,8,5,1,28,3,0,0,8,17,2,4,0,14,4,0,0,15,2,16,11,34,22,5
4,12,0,24,5,15,0,22,4,7,5,17,0,20,4,0,3,9,16,5,3,1,13,4,1,0,23,2,22,15,21,21,2
3,18,0,26,3,11,0,20,0,4,7,15,1,20,2,0,1,9,21,2,5,4,17,3,0,0,13,0,17,17,22,34,5
5,14,0,25,0,7,0,31,1,6,13,11,0,23,1,0,1,11,11,1,3,3,10,0,0,0,11,2,15,20,29,38,8
6,15,0,23,0,0,0,24,1,3,12,7,1,22,2,0,0,7,21,4,0,0,14,4,0,0,16,5,14,13,29,48,9
8,17,0,32,1,0,0,32,1,2,10,21,2,25,2,0,1,1,14,5,1,1,19,0,0,0,8,2,4,12,13,53,13
13,17,0,33,3,0,0,32,2,2,12,9,0,32,0,0,1,1,16,3,0,2,9,8,0,0,6,1,7,8,18,52,13
14,13,0,39,0,0,1,26,0,0,21,12,2,29,3,0,0,2,20,4,1,0,16,1,0,0,7,2,5,8,13,47,14
13,12,0,35,0,1,0,30,3,3,18,12,1,33,4,0,1,4,17,1,1,1,12,10,0,0,2,2,5,10,10,52,7
15,8,0,44,0,0,0,22,2,5,15,14,0,33,3,0,1,1,22,9,2,1,14,0,0,0,7,1,6,6,15,44,10
14,14,0,39,2,0,0,21,3,4,9,9,1,35,4,0,2,3,26,7,1,0,14,5,0,0,6,0,8,7,17,33,16
13,14,0,41,1,0,0,26,3,4,13,9,0,38,3,0,1,4,15,7,0,2,14,5,0,0,6,0,9,10,7,43,12
18,8,0,34,1,0,0,23,3,5,11,10,0,33,10,0,1,7,21,4,0,0,12,8,0,0,7,0,12,7,9,46,10
7,13,0,31,1,0,0,31,3,2,16,8,0,36,2,0,3,5,24,3,0,0,18,5,0,0,9,0,8,10,4,49,12
17,19,0,31,1,0,0,20,1,4,15,6,0,46,2,0,0,4,10,4,1,0,17,4,0,0,10,1,9,11,9,43,15
10,22,0,28,0,0,0,45,1,3,21,10,0,37,1,0,0,2,22,2,0,0,8,7,0,0,11,1,5,6,15,37,6
4,23,0,23,1,0,0,36,1,2,14,8,0,35,1,0,0,3,18,4,0,0,13,2,0,0,15,5,7,8,24,38,15
5,26,0,19,0,0,0,39,0,4,9,14,0,40,3,0,1,2,12,3,0,0,13,5,0,0,10,3,9,8,25,35,15
3,28,0,19,0,0,0,43,3,3,18,12,0,24,2,0,0,5,17,9,0,0,15,5,0,0,11,3,8,5,22,37,8
4,16,0,21,1,2,0,34,2,2,7,17,0,31,0,0,0,6,23,3,0,0,17,0,0,0,16,4,11,12,29,35,7
4,23,0,24,1,0,0,31,2,7,12,9,0,28,2,0,0,4,16,1,0,2,14,2,0,0,19,2,7,20,26,38,6
6,23,0,23,0,4,0,42,0,2,14,8,0,22,2,0,0,9,20,3,2,0,13,2,0,0,12,2,7,24,22,32,6
2,22,0,23,0,7,0,34,0,3,9,10,0,31,4,0,0,7,19,0,1,0,12,0,1,0,17,8,12,18,22,33,5
2,15,0,18,0,16,0,24,0,4,20,4,0,24,0,0,0,9,22,5,4,0,14,2,1,0,24,4,11,11,36,23,7
2,15,0,25,0,15,0,20,0,5,11,5,0,22,1,0,0,4,27,4,2,0,9,0,1,0,23,7,15,17,38,26,6
5,18,0,34,0,17,0,25,1,1,13,12,0,19,0,0,0,3,21,2,0,0,10,1,4,0,15,8,8,23,24,30,6
0,7,0,19,2,23,0,33,0,5,5,10,0,21,0,0,1,4,17,3,1,2,9,0,11,0,18,9,13,23,29,32,3
3,19,0,26,0,22,0,30,1,2,2,7,0,23,0,0,1,6,24,2,1,0,18,0,6,0,15,5,16,16,23,25,7
2,15,0,31,2,25,0,25,0,4,5,5,0,19,1,0,0,5,16,0,1,0,7,1,17,0,17,6,17,15,30,30,4
4,8,0,16,1,34,0,22,0,5,3,13,0,22,1,0,1,5,12,0,0,1,7,0,17,0,27,9,15,18,31,26,2
1,8,0,22,0,35,0,24,0,6,3,12,0,18,1,0,0,9,13,0,1,0,15,1,31,0,21,8,13,8,12,35,3
4,13,0,31,0,43,0,32,2,2,14,7,0,30,0,0,1,0,29,2,0,0,7,0,2,0,11,6,4,9,19,29,3
0,15,0,36,1,54,0,19,2,5,9,8,0,29,0,0,0,8,15,1,0,0,11,0,10,0,7,10,6,7,17,23,7
6,6,0,29,0,31,0,15,0,8,12,5,0,26,0,0,2,4,18,3,1,0,9,1,0,0,11,60,3,13,12,14,11
9,2,0,15,1,1,0,7,0,15,36,14,0,29,2,0,1,3,30,4,0,1,2,3,0,0,5,70,6,4,7,11,22
20,0,0,20,0,3,0,3,1,9,24,11,1,23,0,0,1,6,31,6,0,0,1,4,0,0,5,75,9,5,9,9,24
22,4,0,9,1,0,0,11,2,33,27,4,1,32,1,0,1,10,21,9,1,2,1,8,0,0,8,32,2,11,8,7,32
23,1,0,8,2,0,0,12,1,60,28,0,2,15,3,0,0,30,15,22,0,0,3,8,0,0,6,1,10,1,4,6,39
42,3,0,10,2,0,1,11,1,33,22,3,2,12,3,0,2,34,18,25,4,1,6,5,0,0,3,1,3,2,5,10,36
35,2,0,8,3,0,0,10,2,47,30,7,0,12,3,0,1,32,12,26,1,1,0,9,0,0,5,0,5,4,5,9,31
43,0,0,10,1,0,0,7,2,20,20,2,0,16,7,0,3,49,12,21,0,1,0,15,0,0,3,0,8,5,3,13,39
32,5,0,7,2,0,0,6,3,24,32,1,0,5,8,0,0,41,13,21,4,1,3,18,0,0,6,0,13,4,2,13,36
34,2,0,9,0,0,0,10,2,23,29,1,2,13,10,0,0,37,12,32,1,1,2,14,0,0,3,0,9,4,5,8,37
28,0,0,12,2,0,0,8,6,38,40,0,2,8,3,0,1,19,16,27,1,1,2,14,0,0,10,0,1,3,9,11,38
30,1,0,18,0,0,0,11,7,18,31,0,6,16,13,0,2,11,28,18,3,0,1,10,0,1,6,0,2,4,11,8,44
29,1,0,12,3,0,1,9,9,5,25,1,4,19,17,0,9,17,19,28,3,4,0,25,0,0,7,0,5,3,6,6,33
34,0,0,17,2,0,2,12,10,5,28,0,1,17,16,0,5,11,25,28,0,4,0,20,0,0,6,0,2,2,3,12,38
46,0,0,11,2,0,5,14,7,3,31,2,4,17,13,0,3,9,17,27,2,1,1,18,0,1,5,0,7,1,8,9,36
18,3,0,16,2,0,0,15,2,12,34,1,5,23,3,0,3,2,22,19,2,6,4,6,0,0,11,1,2,10,9,21,48
11,5,0,17,3,0,1,9,2,4,46,13,1,28,5,0,0,1,30,8,6,6,7,2,0,0,9,0,7,10,16,17,36
3,9,0,26,1,1,0,16,1,6,29,11,4,33,1,0,1,5,40,4,4,3,10,1,0,0,14,2,3,16,14,29,13
4,7,0,27,5,1,0,20,2,6,26,18,1,55,2,0,0,4,29,2,2,1,7,0,0,0,12,1,6,15,16,20,11
5,7,0,26,1,0,0,13,4,2,22,17,4,39,3,0,1,3,31,2,6,6,5,3,0,0,19,1,13,19,19,20,9
4,13,0,36,2,0,1,19,2,3,14,24,1,36,2,0,2,5,25,2,10,2,11,1,0,0,18,2,3,16,17,19,10
2,10,0,49,1,0,0,15,0,6,19,19,4,33,2,0,1,3,17,0,1,3,18,5,0,0,18,1,7,19,16,25,6
3,12,0,47,1,0,0,19,3,3,11,22,3,35,0,0,0,8,16,2,0,0,19,2,0,0,22,5,3,18,17,23,6
4,4,0,45,0,0,1,22,1,5,13,23,3,36,2,0,1,5,21,3,2,1,10,4,0,0,17,3,6,21,8,31,8
9,8,0,49,1,1,4,10,0,4,10,15,1,35,2,0,3,6,30,2,1,2,9,3,0,0,13,2,6,23,8,28,15
6,8,0,26,0,0,2,11,4,3,16,18,4,39,5,0,2,2,29,8,3,3,15,4,0,0,12,0,3,24,19,22,12
11,5,0,43,4,0,2,11,2,1,8,36,2,35,0,0,1,1,15,6,4,1,16,8,0,0,16,3,6,17,17,13,16
13,10,0,25,2,0,1,11,2,0,14,28,3,36,5,0,2,2,23,6,2,2,22,3,0,0,12,2,2,20,22,20,10
4,4,0,49,2,0,0,12,3,1,24,21,3,26,1,0,2,3,23,7,6,4,18,12,0,0,14,0,1,15,7,26,12
8,9,0,37,2,0,0,10,5,0,16,15,3,26,7,0,2,4,34,6,2,3,13,5,0,0,12,1,7,27,12,21,13
13,13,0,34,1,0,0,13,2,0,21,21,2,32,6,0,1,2,27,6,2,4,13,2,0,0,19,1,8,22,17,11,7
3,10,0,30,1,0,1,9,3,1,20,26,0,39,1,0,3,2,22,2,2,5,14,3,0,0,29,0,4,21,17,19,13
10,13,0,32,1,0,0,8,5,0,24,23,2,20,5,0,0,4,24,5,2,5,11,1,0,0,20,1,4,26,17,23,14
7,12,0,25,3,0,0,12,5,2,15,32,4,20,5,0,0,2,21,2,5,4,17,1,0,0,22,1,5,21,25,19,13
10,19,0,21,3,0,0,21,5,5,19,11,1,29,0,0,3,6,21,5,3,1,23,2,0,0,24,2,6,14,15,18,13
3,21,0,27,1,0,2,15,3,2,16,25,5,21,2,0,0,1,15,1,3,6,23,1,0,0,29,2,9,17,20,20,10
2,9,0,34,5,0,4,14,3,4,13,19,2,23,2,0,0,5,23,7,3,4,18,4,0,0,26,0,4,15,26,24,7
5,16,0,36,2,0,1,19,1,2,15,23,1,24,0,0,3,6,13,3,1,1,10,2,0,0,20,0,6,26,27,25,12
4,14,0,25,3,5,1,15,1,5,17,20,4,14,2,0,1,3,21,0,0,4,19,4,0,0,23,3,9,22,25,30,6
6,14,0,18,2,8,1,16,3,1,8,29,5,14,5,0,0,7,13,2,1,1,22,4,0,0,14,1,18,25,22,32,8
1,13,0,27,2,27,0,22,1,3,5,10,1,18,1,0,0,17,15,0,2,2,17,1,4,0,25,2,15,24,19,20,6
2,7,0,20,2,24,2,24,0,5,7,18,1,12,1,0,1,8,11,2,1,1,17,0,7,0,29,1,19,25,29,18,6
4,11,0,23,0,26,0,19,0,5,7,8,2,24,0,0,0,9,16,2,1,3,13,0,18,0,22,2,11,24,22,24,4
3,8,0,15,1,49,0,12,0,4,3,9,2,30,0,0,0,12,17,1,0,1,10,0,20,0,25,1,8,28,21,17,3
6,15,0,17,0,68,0,18,1,4,9,14,0,20,1,0,0,2,20,4,0,1,13,0,0,0,14,13,6,11,19,18,6
6,7,0,16,2,29,2,14,2,4,24,4,5,18,4,0,1,2,22,5,0,3,7,5,0,0,9,54,5,9,12,24,5
8,4,0,17,2,0,2,12,2,13,21,9,1,25,10,0,0,0,20,10,1,0,8,4,0,0,2,73,0,8,6,15,27
8,1,0,22,2,0,2,14,5,17,23,12,1,21,4,0,5,1,6,2,0,1,2,3,0,0,5,81,0,8,12,13,29
26,3,0,14,0,0,5,6,5,69,19,3,2,12,0,0,7,18,29,14,2,0,2,7,0,1,5,2,0,5,5,13,26
29,1,0,9,3,0,4,7,3,18,28,2,1,17,14,0,5,61,12,28,0,0,0,9,0,1,0,0,12,0,5,6,25
22,1,0,6,6,0,2,6,6,3,24,1,1,13,9,0,6,55,17,26,3,1,2,25,0,2,3,0,20,1,3,7,29
21,3,0,5,2,0,4,7,3,3,26,1,1,13,19,0,7,58,15,18,5,1,0,20,0,1,1,0,15,2,6,8,35
21,1,0,3,0,0,4,1,7,4,24,0,5,15,21,0,2,63,19,18,0,1,2,24,0,0,2,0,11,0,6,3,43
25,0,0,10,1,0,4,9,9,9,43,1,3,18,13,0,4,46,18,17,2,1,0,17,0,0,4,0,5,1,9,5,26
31,0,0,24,3,0,2,7,10,22,36,3,1,20,13,0,2,8,25,23,3,2,1,10,0,0,9,0,1,5,10,11,18
30,2,0,13,1,0,3,11,6,23,30,5,2,23,8,0,2,15,23,26,0,2,0,14,0,1,5,0,0,3,12,8,32
30,1,0,16,2,0,2,9,3,24,26,3,3,24,7,0,1,2,26,23,4,5,2,21,0,0,8,0,3,7,9,16,23
17,1,0,25,2,0,3,19,3,22,22,2,6,24,4,0,5,1,34,12,0,3,2,8,0,0,14,1,3,8,13,13,33
24,2,0,21,0,0,1,20,3,0,27,9,6,25,3,0,4,1,18,7,7,1,9,4,0,0,24,12,1,8,12,19,32
16,6,0,22,8,0,0,17,4,0,20,15,2,25,3,0,5,4,18,6,3,7,8,4,0,0,15,10,4,19,17,26,16
9,6,0,30,1,0,0,25,2,1,35,17,0,16,0,0,5,1,25,5,0,4,19,7,0,0,21,4,4,11,19,18,15
7,7,0,40,4,0,0,18,1,1,31,16,2,20,1,0,1,5,25,8,3,4,9,3,0,0,19,1,4,14,14,18,24
4,7,0,20,3,0,0,21,1,3,27,10,1,17,2,0,1,4,20,3,4,8,19,6,0,0,17,0,2,28,24,26,22
4,14,0,19,1,0,0,22,3,2,24,13,1,29,4,0,3,4,22,0,7,4,26,4,0,0,18,0,2,23,18,23,10
6,12,0,20,4,0,0,38,1,1,17,18,0,16,2,0,2,4,27,6,8,2,13,2,0,0,23,0,1,22,17,22,16
6,25,0,19,2,0,0,23,4,2,18,17,1,26,2,0,2,4,24,2,7,3,14,2,0,0,22,0,6,26,14,15,14
7,18,0,18,6,0,0,21,5,1,29,24,0,14,2,0,2,4,29,2,3,3,15,2,0,0,21,1,4,19,19,20,11
5,19,0,17,1,0,0,21,3,5,17,18,0,25,0,0,2,5,28,8,4,2,20,3,0,0,12,1,11,17,22,24,10
8,8,0,17,3,0,0,16,1,4,18,24,0,13,3,0,0,1,35,3,10,4,25,4,0,0,14,1,8,26,20,20,14
3,13,0,15,4,0,0,16,3,3,19,25,0,28,3,0,0,6,28,5,3,2,14,3,0,0,13,1,6,17,20,34,16
5,18,0,20,3,1,0,14,5,2,16,19,0,29,4,0,1,3,26,3,7,6,18,3,0,0,22,1,8,17,18,18,13
5,25,0,25,6,0,0,14,2,4,24,22,1,18,2,0,1,4,34,2,4,5,19,0,0,0,19,1,5,16,14,15,13
3,23,0,19,5,0,0,24,6,2,21,28,0,25,1,0,2,2,21,0,2,6,20,0,0,0,12,2,4,16,22,18,16
2,15,0,15,5,2,0,30,3,3,18,19,0,21,3,0,4,2,23,2,9,3,21,6,0,0,12,0,4,25,13,33,7
7,11,0,25,1,0,0,28,2,1,20,22,0,26,2,0,7,3,20,7,4,9,19,2,0,0,22,0,6,14,12,22,8
4,13,0,23,4,0,0,26,4,3,17,16,0,14,2,0,2,3,30,2,7,3,24,1,0,0,14,0,5,24,16,29,14
4,27,0,24,4,0,0,11,5,1,23,21,0,24,3,0,0,1,26,4,4,3,16,2,0,0,17,0,3,27,13,26,11
8,13,0,23,2,0,0,33,2,1,17,16,0,16,4,0,2,4,32,1,1,1,15,3,0,0,23,0,5,22,21,30,5
4,20,0,17,1,1,0,23,2,2,21,13,0,23,0,0,2,4,15,2,2,7,24,2,0,0,25,3,13,25,18,24,7
4,21,0,18,0,4,0,17,6,5,33,12,0,18,1,0,3,5,22,6,7,5,19,2,0,0,13,2,7,27,21,15,7
7,19,0,16,4,5,0,19,2,0,14,21,0,15,4,0,2,2,17,6,6,0,18,1,0,0,22,1,13,27,22,29,8
4,30,0,26,1,8,0,18,2,0,20,7,0,13,2,0,2,6,14,1,3,2,18,1,0,0,20,5,16,20,21,29,11
10,15,0,21,0,8,0,17,4,3,31,12,0,15,4,0,3,7,17,2,1,3,21,2,0,0,27,2,3,18,20,26,8
3,23,0,18,3,5,0,16,2,0,25,20,0,13,3,0,2,2,11,2,3,5,23,3,0,0,20,5,7,26,21,24,15
4,15,0,24,1,4,0,25,3,2,23,17,0,15,1,0,3,3,17,5,3,4,19,4,0,0,20,12,3,11,21,18,23
4,5,0,21,2,4,0,12,3,3,14,30,1,23,2,0,0,8,34,2,2,3,21,1,0,0,15,17,4,19,18,21,11
5,10,0,32,1,0,0,17,1,1,26,19,0,30,0,0,1,1,26,4,0,2,16,1,0,0,9,16,3,21,14,16,28
8,7,0,35,4,0,0,20,1,4,25,21,0,27,2,0,1,4,18,3,2,3,22,3,0,0,13,11,5,16,9,17,19
10,4,0,22,1,0,0,20,4,7,21,17,5,28,2,0,1,3,25,0,5,4,20,2,0,0,16,8,1,24,13,15,22
4,5,0,35,1,0,0,18,2,6,21,17,1,27,1,0,2,1,19,2,1,4,10,1,0,0,22,11,1,24,16,33,15
5,5,0,32,2,0,0,17,0,12,18,15,1,23,1,0,2,4,27,1,0,5,17,1,0,0,14,16,3,25,15,20,19
6,3,0,32,3,1,0,15,3,7,17,13,3,26,3,0,1,4,26,5,3,3,19,3,0,1,19,7,4,21,9,23,20
6,6,0,16,0,0,2,21,1,5,35,23,1,31,3,0,0,1,18,4,3,5,20,3,0,1,16,7,5,16,21,9,21
6,10,3,14,1,0,0,17,2,4,30,29,6,33,2,0,3,3,27,7,1,4,11,1,0,1,18,3,5,23,13,10,13
12,3,0,16,0,0,0,26,2,2,34,28,0,37,1,0,0,10,29,0,0,0,9,0,0,0,12,0,4,21,10,25,19
11,4,0,22,1,0,0,22,0,3,37,15,4,31,0,0,0,7,37,2,2,2,5,2,0,0,18,0,0,21,11,17,26
14,1,0,21,2,0,0,13,2,2,30,13,0,19,1,0,0,3,42,5,0,4,3,0,0,0,16,0,2,29,14,36,28
16,2,0,29,4,0,0,19,0,0,29,5,0,31,1,0,0,0,40,5,0,4,2,2,0,0,27,0,2,25,17,18,22
20,2,0,19,0,0,0,16,2,0,37,10,0,22,1,0,0,0,35,3,1,4,5,1,0,0,33,0,1,10,22,19,37
20,1,0,23,1,0,0,12,2,0,35,8,2,33,2,0,1,1,23,5,3,2,10,2,0,0,26,0,1,20,15,15,37
17,7,0,36,3,0,0,16,0,0,27,7,3,27,4,0,1,2,32,3,2,4,6,3,0,0,22,0,2,13,17,12,34
8,6,0,40,0,0,0,23,0,0,32,6,3,17,3,0,1,1,27,8,1,10,7,2,0,0,22,0,0,22,11,16,34
14,6,0,37,3,0,0,11,1,0,31,13,1,21,2,0,0,0,19,3,2,5,8,2,0,0,12,0,4,33,14,21,37
15,7,0,33,0,0,0,12,0,0,43,15,0,25,2,0,1,1,21,3,0,2,14,4,0,0,17,0,1,16,13,18,37
21,8,0,38,1,0,0,12,1,0,25,12,0,33,0,0,2,0,27,6,1,1,15,3,0,0,9,0,0,14,15,26,30
14,7,0,34,1,0,0,17,0,0,26,11,0,25,1,0,0,0,17,4,0,3,21,3,0,0,14,1,3,17,27,28,26
9,9,0,26,0,0,0,15,3,3,10,25,0,24,2,0,0,5,22,5,3,2,17,5,0,0,7,5,3,25,21,34,20
1,21,0,29,0,0,0,24,0,8,10,8,0,27,1,0,1,7,13,3,0,2,19,0,0,0,22,20,4,18,23,29,10
2,20,0,32,1,0,0,13,1,9,6,20,0,22,1,0,0,10,11,4,0,0,16,0,0,0,25,30,9,24,14,22,8
3,15,9,15,0,6,1,9,0,13,9,21,1,13,0,0,0,4,10,0,0,1,23,3,0,2,21,61,8,18,11,18,5
0,16,13,11,0,21,1,12,0,13,4,19,1,19,1,4,0,8,13,0,1,2,11,2,0,2,16,47,14,13,18,13,5
2,10,18,9,4,1,3,4,2,18,9,8,2,8,3,22,2,1,12,1,2,2,14,1,0,2,15,75,10,12,16,9,3
2,10,10,16,2,2,0,12,0,20,7,16,1,11,0,8,0,5,15,1,2,2,7,1,0,6,5,82,9,21,12,8,7
4,4,2,18,0,0,0,13,0,55,25,15,0,19,1,6,1,20,15,4,2,0,7,1,0,1,8,13,11,20,8,13,14
13,3,2,13,0,0,0,13,3,29,23,6,0,31,3,14,1,34,22,8,1,0,3,4,0,1,9,0,6,15,12,15,16
24,9,0,22,0,0,0,11,2,2,25,4,0,17,5,3,0,33,27,11,0,2,2,7,0,0,11,0,19,4,15,11,34
32,4,0,14,1,0,0,10,3,0,25,3,0,24,14,0,1,13,19,9,0,0,5,18,0,0,13,0,11,9,11,17,44
28,6,0,13,1,0,0,19,5,0,32,2,0,16,20,0,4,4,12,21,2,0,2,11,0,0,9,0,13,8,9,21,42
24,3,0,21,4,0,5,15,2,0,21,10,3,22,17,0,4,1,18,19,1,2,1,16,0,0,8,0,11,5,9,16,42
18,3,0,19,2,0,9,19,6,0,39,2,4,19,10,0,1,2,27,18,1,2,3,14,0,0,7,0,0,8,12,13,42
28,6,0,22,0,0,2,17,1,0,35,4,4,18,6,0,2,0,30,26,4,2,1,13,0,0,9,0,1,6,10,14,39
33,1,0,24,2,0,0,20,0,0,44,18,2,30,2,0,1,0,22,8,2,0,4,3,0,0,10,0,1,17,13,17,26
17,9,0,31,1,0,0,23,2,0,31,14,0,26,0,0,2,1,26,5,1,5,15,2,0,0,14,0,3,16,15,18,23
17,6,0,22,4,0,0,14,2,0,17,14,3,35,1,0,1,1,23,8,3,3,13,1,0,0,33,0,0,16,22,15,26
9,20,0,30,1,0,0,11,1,0,24,15,0,24,1,0,0,2,30,5,5,7,13,2,0,0,13,0,10,19,13,23,22
5,14,0,19,0,0,0,23,0,1,22,18,0,42,1,0,0,1,22,1,3,5,17,0,0,0,10,0,22,8,18,37,11
3,24,0,29,4,0,0,22,0,2,16,14,0,32,1,0,0,7,24,1,2,2,22,3,0,0,15,0,11,11,25,20,10
2,27,0,36,0,0,0,20,1,3,20,12,0,27,2,0,2,6,26,2,4,6,20,0,0,0,15,1,9,8,27,19,5
3,25,0,26,0,0,0,18,3,2,18,15,0,18,3,0,2,8,28,2,3,1,14,0,0,0,23,0,23,11,30,19,5
4,26,0,33,1,0,0,33,0,2,17,12,0,18,3,0,1,4,18,2,4,0,17,0,0,0,20,0,20,12,25,19,9
4,23,0,19,0,0,0,22,3,3,14,14,0,19,3,0,2,15,17,0,3,0,13,1,0,0,31,0,31,14,32,13,4
2,28,0,26,1,0,0,28,2,2,15,16,0,17,1,0,1,12,15,0,1,0,12,1,0,0,24,0,25,23,28,15,5
6,22,0,13,1,14,0,15,1,12,11,24,0,8,1,0,2,14,8,1,0,1,16,0,0,0,28,4,22,21,35,17,3
3,26,0,12,3,17,0,18,3,4,9,16,0,10,0,0,0,19,11,4,2,4,20,0,2,0,24,1,22,25,30,14,1
3,27,0,15,1,42,0,18,1,9,5,14,2,5,0,0,0,14,8,1,2,1,17,2,2,0,17,5,33,20,20,10,6
0,23,0,9,3,20,0,6,5,15,2,13,0,27,1,0,1,19,19,0,0,0,13,1,34,0,13,3,23,18,17,13,2
0,21,0,15,4,63,0,23,1,3,14,12,0,10,0,0,2,7,15,3,1,1,19,0,3,0,20,0,22,7,21,12,1
2,14,0,8,2,91,0,20,0,1,16,13,0,10,0,0,0,2,13,3,1,1,15,1,0,0,14,1,20,9,14,20,9
7,15,0,12,1,69,0,14,1,1,28,9,0,14,3,0,0,3,19,0,1,3,23,0,0,0,10,6,9,10,21,19,2
9,3,0,20,2,24,0,7,1,2,27,12,0,21,1,0,0,2,12,4,1,4,17,3,0,0,9,57,3,10,3,19,27
30,1,0,14,0,0,0,3,0,34,26,3,2,18,6,0,1,2,26,3,0,2,1,4,0,0,7,69,2,10,5,14,17
27,0,0,6,3,0,0,11,2,67,27,1,2,13,6,0,1,5,23,10,0,1,0,6,0,0,10,24,7,5,8,7,28
29,0,0,13,2,0,0,6,2,57,27,3,4,15,6,0,2,6,20,11,0,1,1,8,0,0,6,15,3,7,13,16,27
32,3,0,9,2,0,0,10,6,62,27,3,1,19,8,0,3,4,26,20,4,3,1,5,0,0,11,4,0,5,5,13,14
22,2,0,21,1,0,0,10,8,37,34,0,1,12,5,0,2,18,24,22,1,2,2,13,0,0,7,0,0,7,11,20,18
27,0,0,15,2,0,0,17,5,30,37,1,2,10,12,0,1,14,32,22,1,3,2,7,0,0,4,0,1,7,8,12,28
20,0,0,24,4,0,2,10,9,9,31,1,4,23,8,0,1,13,31,26,1,3,0,18,0,2,16,0,0,3,6,16,19
31,1,0,11,1,0,0,9,10,4,44,2,2,17,7,0,3,10,24,30,3,2,1,23,0,0,4,0,1,3,12,17,28
28,0,0,19,4,0,1,14,5,1,37,1,5,20,8,0,4,2,35,23,4,4,1,25,0,0,3,0,2,3,7,17,27
34,0,0,15,2,0,3,17,4,0,36,1,7,24,9,0,9,0,28,15,0,4,0,23,0,0,4,0,0,1,8,20,36
28,1,0,26,4,0,1,10,3,0,26,2,6,28,10,0,1,0,39,15,2,4,0,10,0,0,11,0,1,3,14,25,30
38,0,0,19,2,0,0,10,1,0,35,3,2,43,7,0,4,0,23,18,1,4,3,10,0,0,8,0,0,2,10,27,30
13,6,0,20,6,0,0,22,2,2,33,3,4,21,1,0,1,1,18,4,4,6,7,5,0,0,10,0,3,21,28,25,34
2,6,0,17,1,0,0,21,2,3,29,10,1,10,4,0,4,8,29,6,10,13,25,5,0,0,19,0,8,23,18,9,17
2,14,0,21,2,0,0,20,2,1,31,24,0,30,1,0,4,3,28,3,4,8,9,0,0,0,32,0,4,16,20,13,8
1,23,0,17,1,0,0,21,2,1,21,20,0,29,1,0,6,3,18,2,4,2,28,0,0,0,22,2,10,26,12,24,4
5,27,0,17,2,0,0,16,1,1,8,27,0,23,2,0,1,6,24,2,4,4,24,1,0,0,27,0,10,23,21,18,6
6,14,0,20,3,0,0,11,0,1,9,23,0,25,2,0,2,3,23,2,3,2,19,2,0,0,26,2,21,25,27,21,8
3,14,0,16,1,0,0,16,1,6,11,23,0,24,3,0,0,5,24,3,5,2,18,2,0,0,28,1,26,28,24,12,4
0,19,0,17,2,0,0,14,6,4,9,22,0,23,1,0,4,7,29,2,7,2,18,4,0,0,17,4,29,18,26,11,5
6,20,0,18,2,0,0,16,4,1,2,17,0,30,3,0,2,9,30,2,3,3,16,1,0,0,27,2,22,17,31,13,3
1,22,0,16,7,3,0,11,3,3,7,17,0,30,2,0,1,9,28,5,1,0,20,3,0,0,23,3,20,22,27,10,6
1,18,0,16,2,3,0,13,5,0,7,25,0,36,5,0,2,16,13,1,3,0,21,0,1,0,17,3,23,22,22,24,1
2,24,0,26,1,3,0,21,1,7,2,19,0,28,0,0,2,11,10,3,1,0,21,0,2,0,21,1,28,29,23,12,2
2,14,0,38,2,10,0,15,1,2,3,21,0,31,0,0,1,11,13,0,2,0,20,2,2,0,24,2,18,21,24,21,0
1,16,0,25,0,20,0,17,2,4,3,22,0,24,5,0,4,8,22,3,3,0,27,2,3,0,21,4,15,17,17,13,2
1,9,0,34,1,25,0,18,1,3,10,12,0,31,1,0,2,3,33,1,1,3,14,1,3,0,14,11,12,17,12,23,4
1,13,0,34,3,23,0,18,4,1,14,16,0,28,0,0,2,0,17,2,6,1,17,0,0,0,19,12,13,12,18,24,2
6,9,0,28,5,20,0,16,1,3,13,19,0,28,0,0,2,3,27,1,1,2,10,2,0,0,7,29,10,15,18,20,5
3,4,0,24,3,9,0,24,1,9,24,13,1,35,0,0,1,3,31,1,0,1,9,0,0,0,7,18,13,22,17,16,11
7,7,0,41,3,7,0,18,1,9,21,19,0,35,0,0,2,5,21,1,2,1,10,0,0,0,10,15,9,17,15,19,5
6,6,0,40,2,0,0,18,2,12,19,24,0,34,1,0,0,3,17,7,0,1,12,3,0,0,13,8,2,19,21,19,11
3,8,0,40,2,0,0,23,2,12,17,30,1,38,2,0,0,3,20,5,0,2,20,0,0,0,14,3,4,14,9,14,14
14,8,0,28,1,0,0,14,1,1,11,23,0,40,1,0,1,3,22,3,4,1,15,1,0,0,29,0,7,21,18,11,22
6,6,0,23,2,0,0,22,1,0,17,19,0,49,2,0,0,3,28,5,3,3,14,7,0,0,21,1,1,22,19,10,16
6,9,0,22,1,0,0,13,1,0,26,19,2,44,0,0,3,3,50,3,1,3,3,4,0,0,18,0,2,14,28,14,11
12,9,0,18,1,0,0,13,2,0,26,15,0,27,2,0,1,1,38,9,4,2,9,5,0,0,21,0,1,36,18,14,16
11,4,0,15,0,0,0,14,4,0,29,18,0,30,0,0,3,0,43,7,2,3,10,3,0,0,27,1,1,31,21,6,17
21,17,0,15,2,0,0,5,3,1,31,6,0,23,3,0,3,3,36,10,4,1,14,4,0,0,29,0,3,20,19,5,22
9,13,0,13,2,0,0,8,2,1,31,13,2,19,8,0,0,0,37,3,5,3,21,5,0,0,26,1,0,31,14,11,22
8,4,0,23,4,0,0,12,3,0,27,10,1,26,4,0,1,1,30,9,2,1,9,5,0,0,24,0,0,36,22,15,23
9,6,0,23,0,0,0,15,1,0,23,13,0,36,1,0,1,1,38,13,2,1,7,2,0,0,15,0,5,22,23,29,14
4,3,0,13,1,0,0,23,2,1,16,18,1,35,2,0,0,4,49,7,1,6,10,4,0,0,26,0,0,24,23,14,13
13,5,0,21,4,0,0,20,3,0,13,9,1,37,6,0,2,3,36,9,1,1,3,2,0,0,18,0,1,24,26,26,16
13,0,0,27,1,0,0,14,0,0,20,10,0,40,1,0,0,0,35,8,0,2,7,2,0,0,36,0,3,21,21,23,16
7,4,0,26,2,0,0,12,4,1,27,16,0,48,2,0,0,0,33,10,5,3,1,3,0,0,21,0,5,15,24,13,18
10,9,0,18,1,0,0,11,0,1,26,6,2,49,3,0,5,2,53,11,4,1,5,4,0,0,16,1,3,13,16,10,20
8,5,0,31,3,0,2,13,4,2,32,12,1,43,5,0,2,1,29,14,2,2,4,4,0,0,8,0,3,20,14,15,21
9,4,0,17,1,0,0,9,4,1,25,5,2,53,7,0,4,2,49,11,0,5,4,6,0,0,11,0,3,13,27,10,18
12,1,0,22,2,0,1,17,3,0,21,10,1,30,4,0,1,1,57,14,1,0,6,2,0,0,20,1,0,23,18,8,24
15,4,0,17,1,0,2,15,3,0,29,5,9,35,6,0,2,1,49,15,2,2,7,10,0,0,14,0,0,23,15,10,9
14,5,0,9,1,0,2,14,4,1,41,3,3,26,4,0,0,3,47,16,0,3,8,11,0,0,15,0,3,13,18,17,19
15,1,0,22,1,0,1,26,5,0,30,7,2,27,6,0,0,3,49,13,3,2,4,7,0,0,9,0,1,14,12,15,25
8,0,0,15,0,0,4,18,3,1,35,5,2,32,7,0,3,3,44,13,2,0,1,14,0,0,17,0,3,18,10,17,25
12,4,0,12,1,0,0,20,3,2,52,5,0,24,9,0,0,6,43,8,2,3,5,8,0,0,14,0,1,16,20,11,19
14,4,0,12,0,0,0,15,4,1,56,6,0,31,2,0,0,1,45,7,2,2,7,6,0,0,13,0,4,12,15,16,25
25,0,0,19,0,0,0,19,3,0,61,1,0,10,8,0,0,0,47,8,0,0,1,11,0,0,19,0,0,12,15,11,30
26,1,0,16,0,0,0,13,0,0,67,1,0,20,3,0,0,0,36,11,0,0,0,9,0,0,12,0,0,6,30,15,34
30,0,0,9,0,0,0,8,0,0,73,4,0,9,6,0,0,0,52,15,0,0,0,9,0,0,13,0,0,11,18,8,35
29,0,0,10,0,0,0,12,7,0,71,3,0,9,1,0,3,2,33,11,0,0,2,8,0,0,15,0,1,3,24,13,43
25,5,0,8,2,0,0,7,4,1,86,3,0,10,8,0,2,2,29,10,0,0,1,16,0,0,6,0,3,4,18,7,43
32,0,0,13,0,0,0,10,4,0,88,7,0,10,3,0,2,0,30,16,0,1,6,6,0,0,10,0,2,2,17,7,34
29,0,0,12,1,0,0,14,0,0,79,2,0,7,6,0,2,0,43,10,0,1,2,8,0,0,14,0,0,2,23,10,35
22,0,0,15,2,0,0,12,1,0,78,2,0,17,5,0,0,0,31,21,1,0,1,10,0,0,17,0,0,6,14,6,39
19,0,0,7,0,0,0,25,2,0,71,3,0,16,9,0,1,0,31,18,0,0,2,9,0,0,12,0,0,11,21,11,32
10,5,0,15,0,0,0,30,3,0,56,0,3,21,9,0,0,0,36,8,0,0,1,8,0,0,16,0,2,9,20,26,22
19,2,0,20,0,0,1,17,6,1,50,5,1,12,6,0,2,0,44,14,2,1,2,8,0,0,13,0,4,3,16,14,37
9,3,0,12,0,0,0,19,4,1,53,4,3,16,6,0,1,1,36,8,1,2,5,11,0,0,14,0,5,4,17,23,42
15,2,0,13,3,0,0,26,2,0,70,3,0,14,7,0,1,1,23,11,2,0,4,3,0,0,13,0,0,11,13,18,45
16,1,0,15,0,0,0,28,1,0,59,1,0,15,4,0,1,0,28,12,0,0,1,7,0,0,6,0,0,5,14,22,64
23,1,0,14,1,0,0,20,3,0,59,2,0,13,7,0,1,0,24,10,0,0,1,2,0,0,9,0,0,6,24,15,65
28,2,0,8,0,0,0,25,5,0,55,2,0,12,9,0,1,0,17,17,1,1,2,8,0,0,6,0,0,9,14,9,69
17,1,0,9,1,0,0,18,6,0,55,1,0,7,7,0,0,2,20,14,1,1,2,9,0,0,10,0,4,5,17,11,82
29,3,0,10,2,0,0,22,9,0,55,3,0,9,10,0,2,0,18,9,1,0,2,7,0,0,7,0,3,6,11,10,72
17,4,0,11,3,0,2,13,6,0,67,1,1,9,7,0,2,3,14,11,4,2,4,5,0,0,6,0,1,5,11,10,81
32,5,0,14,3,0,0,22,3,0,45,3,1,7,6,0,4,1,21,11,2,3,5,7,0,0,4,0,7,1,16,11,66
15,1,0,10,2,0,0,27,7,0,65,0,1,13,6,0,5,2,15,15,2,1,1,7,0,0,9,0,3,3,9,11,70
28,6,0,9,5,0,1,19,10,0,53,1,1,6,11,0,5,0,19,17,2,0,3,11,0,0,2,0,2,3,14,12,60
20,3,0,9,2,0,0,11,7,0,37,2,1,9,11,0,5,0,24,19,3,3,0,12,0,0,3,0,1,7,16,10,85
23,2,0,5,0,0,2,23,9,0,41,4,1,17,13,0,1,0,20,16,0,2,2,20,0,0,7,0,2,2,13,13,62
24,1,0,7,0,0,0,15,5,0,42,4,4,17,16,0,1,0,16,9,2,1,0,17,0,0,3,0,0,9,21,15,71
26,1,0,7,2,0,0,22,3,0,51,5,0,13,15,0,1,1,15,8,0,2,2,8,0,0,6,0,2,5,19,14,72
19,2,0,20,2,0,0,15,2,0,43,3,0,14,13,0,1,0,22,8,1,1,4,12,0,0,11,0,0,3,21,16,67
17,0,0,17,0,0,3,18,16,0,47,4,2,17,8,0,2,0,12,17,3,1,1,10,0,0,6,0,2,2,8,26,61
19,1,0,15,1,0,0,15,9,1,62,5,2,19,10,0,5,0,17,14,3,2,1,13,0,0,6,0,1,1,7,19,52
14,2,0,16,3,0,0,17,5,0,51,3,2,13,6,0,3,2,19,12,5,1,4,14,0,0,5,0,2,7,6,22,66
18,3,0,12,2,0,0,24,1,0,47,2,0,11,12,0,1,1,16,13,0,2,5,10,0,0,7,0,0,8,6,31,68
22,7,0,19,4,0,0,15,4,0,46,5,3,21,6,0,3,1,8,10,2,0,4,11,0,0,3,0,2,2,13,18,71
17,1,0,21,2,0,0,8,4,0,44,8,0,27,6,0,2,2,69,5,2,0,4,3,0,0,26,0,3,13,9,7,17
14,8,0,26,1,0,0,11,1,0,9,19,0,63,3,0,1,0,53,2,0,0,7,2,0,0,8,0,4,21,12,21,14
21,6,0,30,1,0,0,10,1,0,11,17,0,53,1,0,2,6,37,10,0,0,7,6,0,0,10,0,7,21,12,16,15
6,9,0,58,0,0,0,8,0,3,15,23,0,51,2,0,0,0,34,1,0,0,23,1,0,0,7,0,11,9,7,19,13
12,10,0,44,1,0,0,8,3,0,20,14,0,49,2,0,0,1,44,8,0,0,24,1,0,0,12,1,8,6,6,12,14
11,3,0,49,2,0,0,10,1,0,22,27,0,40,0,0,0,4,43,6,0,0,13,2,0,0,10,1,4,12,10,14,16
10,11,0,43,0,0,0,9,0,0,25,16,0,53,4,0,0,0,33,5,1,0,22,6,0,0,9,1,3,12,9,19,9
19,11,0,29,1,0,0,10,0,0,22,26,0,48,2,0,0,0,28,3,0,0,25,1,0,0,10,0,0,23,10,19,13
15,15,0,30,0,0,0,15,0,0,24,21,0,48,0,0,0,0,30,5,0,0,23,1,0,0,10,0,2,14,18,16,13
8,19,0,28,1,0,0,21,0,0,29,18,0,40,3,0,1,1,39,7,1,0,19,4,0,0,11,0,2,8,9,15,16
12,7,0,27,7,0,0,17,3,6,20,19,0,42,5,0,4,3,29,6,0,4,10,2,0,0,9,0,5,10,9,26,18
15,1,0,34,3,0,0,13,4,3,25,18,0,40,2,0,4,2,31,9,4,5,8,4,0,0,12,0,2,15,7,22,17
13,2,0,34,5,0,0,12,7,5,22,20,0,36,5,0,2,4,27,6,3,2,12,8,0,0,17,1,3,9,6,26,13
15,5,0,31,5,0,0,19,4,6,21,11,0,33,5,0,4,2,28,3,7,3,16,2,0,0,8,0,4,13,7,24,24
19,4,0,36,1,0,0,12,3,2,20,17,1,33,8,0,2,4,27,5,2,6,11,10,0,0,11,0,4,17,6,15,24
9,3,0,36,2,0,0,11,8,0,24,20,0,38,6,0,3,9,35,8,3,3,11,6,0,0,11,0,7,16,5,10,16
13,9,0,18,4,0,0,17,5,3,23,23,1,40,5,0,4,6,30,14,4,4,8,5,0,0,6,1,7,17,2,13,18
22,11,0,40,0,0,0,13,2,1,22,17,0,34,5,0,1,3,32,6,2,0,8,1,0,0,7,0,3,15,9,24,22
11,3,0,25,0,0,0,12,5,1,23,23,0,47,4,0,4,6,21,8,1,2,17,8,0,0,16,0,4,16,10,20,13
14,9,0,25,3,0,0,17,3,2,18,24,0,49,3,0,2,2,19,7,6,3,19,5,0,0,9,0,2,20,8,16,15
13,10,0,23,2,0,0,10,4,0,16,27,0,40,1,0,1,1,39,5,2,1,20,1,0,0,8,0,4,15,13,28,16
8,18,0,41,0,0,0,16,1,0,18,16,0,36,0,0,1,0,45,4,0,0,24,4,0,0,6,0,5,18,11,15,13
7,14,0,26,0,0,0,13,0,0,18,28,0,57,1,0,0,0,39,4,1,1,11,1,0,0,8,0,8,16,4,33,10
4,9,0,40,0,0,0,12,1,0,12,28,0,59,0,0,2,0,42,3,0,0,19,5,0,0,6,0,9,17,3,15,14
8,13,0,29,0,0,0,16,0,0,14,16,0,64,5,0,1,1,36,5,0,1,15,4,0,0,8,0,10,14,7,23,10
8,10,0,31,0,0,0,9,1,0,20,17,0,51,1,0,1,3,51,4,1,1,6,5,0,0,20,0,2,22,7,19,10
6,8,0,38,0,0,0,15,1,0,19,20,0,57,1,0,0,1,41,7,0,0,6,2,0,0,14,0,6,16,9,21,12
11,4,0,25,0,0,0,11,3,0,16,25,0,55,1,0,1,0,52,8,0,0,19,0,0,0,11,0,0,27,9,14,8
17,5,0,33,0,0,0,19,0,0,20,27,0,51,1,0,0,0,23,4,0,0,20,1,0,0,12,0,0,28,13,15,11
10,8,0,26,0,0,0,14,4,2,18,17,0,45,2,0,3,5,31,6,0,1,9,4,0,0,16,0,5,29,8,20,17
6,10,0,29,1,0,0,14,3,3,18,11,1,58,2,0,0,7,39,5,0,1,14,5,0,0,10,3,2,18,4,23,13
9,2,0,31,2,0,0,4,2,6,27,30,0,48,2,0,0,4,41,3,0,1,8,5,0,0,15,1,3,19,5,18,14
5,2,0,32,0,0,0,7,2,2,19,17,1,54,2,0,0,2,57,6,1,1,6,6,0,0,16,3,1,19,11,13,15
7,7,0,30,2,0,0,6,1,0,11,19,0,67,4,0,1,4,35,3,2,0,14,2,0,0,12,6,6,22,5,19,15
8,12,0,30,0,0,0,12,2,0,29,17,0,62,4,0,0,0,34,7,0,0,10,0,0,0,5,0,1,24,8,22,13
15,10,0,37,0,0,0,8,3,0,25,24,0,47,0,0,0,0,36,3,0,1,5,4,0,0,14,0,5,16,8,28,11
11,8,0,27,0,0,0,13,2,0,15,19,0,75,0,0,1,0,42,3,0,0,9,2,0,0,11,0,1,22,11,17,11
14,7,0,34,0,0,0,7,0,0,21,25,0,70,1,0,1,0,34,2,0,0,9,5,0,0,6,0,1,24,9,18,12
9,4,0,35,0,0,0,12,0,0,20,22,0,73,5,0,0,0,25,4,0,0,15,3,0,0,10,0,0,17,13,19,14
5,4,0,46,1,0,0,15,3,1,15,28,1,64,2,0,0,2,20,2,0,1,16,4,0,0,11,0,2,22,13,15,7
10,8,0,29,2,0,0,12,6,2,17,25,1,62,1,0,0,0,22,3,1,0,11,2,0,0,15,1,2,22,11,16,19
14,6,0,36,2,0,0,9,0,1,18,17,5,61,3,0,0,2,22,3,0,1,11,1,0,0,11,2,2,34,11,14,14
9,2,0,56,1,0,0,13,3,6,10,33,2,34,0,0,2,2,17,10,1,4,18,2,0,0,9,3,3,22,15,15,8
9,5,0,52,0,0,0,11,3,2,14,22,1,56,2,0,3,3,23,7,1,2,12,4,0,0,7,2,3,19,9,14,14
10,5,0,46,2,1,0,10,1,4,14,32,1,45,4,0,0,3,21,3,1,0,13,3,0,0,7,2,8,17,11,17,19
4,7,0,53,0,0,0,19,1,6,10,23,1,39,1,0,0,2,15,7,2,1,7,4,0,0,15,0,3,23,15,32,10
3,7,0,60,1,0,0,20,0,0,12,23,0,36,0,0,0,4,15,4,0,0,14,4,0,0,21,1,0,24,16,23,12
1,11,0,36,0,0,0,12,2,3,11,31,0,56,0,0,2,3,17,5,0,0,10,1,0,0,27,0,5,17,20,23,7
3,9,0,45,3,0,0,15,1,3,14,18,1,44,1,0,1,1,21,1,0,1,12,0,0,0,9,0,10,40,11,30,6
8,12,0,49,5,0,0,12,1,5,13,15,1,44,0,0,0,4,19,5,2,3,17,1,0,0,19,1,9,21,11,19,4
4,11,0,42,0,0,0,12,2,1,5,16,1,44,0,0,1,11,25,2,5,2,16,2,0,0,15,2,11,25,10,29,6
1,13,0,34,0,1,0,11,0,8,6,13,4,52,2,0,1,8,17,4,1,1,14,2,0,0,16,2,15,20,16,27,11
3,10,0,30,2,0,0,13,1,3,7,18,3,39,1,0,2,14,15,3,9,3,18,0,0,0,27,3,16,23,9,13,15
7,10,0,37,1,0,0,15,3,1,11,13,1,48,0,0,3,8,12,1,5,2,17,0,0,0,21,2,17,23,9,28,5
2,24,0,23,0,0,0,10,2,1,7,18,2,49,2,0,1,4,20,2,1,7,14,2,0,0,25,2,25,21,16,16,4
2,15,0,17,1,0,0,14,4,3,5,17,3,41,4,0,2,10,21,3,5,3,24,1,0,0,23,2,18,19,13,24,6
1,15,0,21,3,2,1,14,2,5,8,25,4,31,2,0,1,10,33,4,0,3,32,0,0,0,14,1,11,8,17,22,10
2,11,0,42,3,0,0,14,1,5,12,19,2,27,2,0,1,16,27,2,1,4,28,1,0,0,16,3,12,13,14,14,8
8,18,0,32,1,0,0,11,1,1,9,18,1,33,4,0,0,4,27,0,2,6,27,3,0,0,15,2,13,19,11,23,11
5,6,0,26,1,0,0,15,2,1,15,20,5,35,4,0,0,2,30,4,2,1,26,1,0,0,14,2,8,22,14,28,11
6,12,0,35,3,0,0,13,2,5,7,30,3,38,3,0,0,3,23,4,1,1,28,5,0,0,11,1,11,17,12,17,9
2,17,0,23,1,0,0,16,2,0,19,31,1,29,1,0,1,3,24,1,2,2,30,3,0,0,14,0,15,18,16,23,6
2,10,0,26,2,0,0,16,5,1,12,31,0,23,3,0,0,3,28,4,1,1,25,2,0,0,16,0,13,22,24,16,14
6,11,0,24,1,0,0,19,2,4,16,31,1,24,1,0,1,2,22,2,0,1,26,3,0,0,17,1,22,17,18,22,6
7,22,0,32,1,0,0,10,1,3,7,12,2,22,1,0,2,4,28,3,4,4,31,1,0,0,16,4,22,20,8,28,5
5,19,0,35,0,1,0,13,1,7,12,15,3,19,1,0,5,6,19,3,4,5,30,2,0,0,8,3,24,16,15,24,5
7,11,0,37,0,0,0,14,0,1,16,26,0,28,0,0,3,6,19,2,4,7,15,2,0,0,16,0,16,23,13,19,15
11,20,0,28,4,2,0,14,1,1,17,26,2,24,2,0,1,4,20,4,5,5,18,2,0,0,8,0,13,17,19,24,8
7,20,0,21,1,0,0,13,4,2,12,22,0,36,2,0,2,4,14,5,5,7,17,3,0,0,14,0,7,40,12,16,14
9,14,0,21,3,0,4,10,2,0,22,17,5,25,3,0,2,2,34,8,1,3,15,3,0,0,18,0,3,35,17,14,10
10,14,0,21,3,0,1,12,2,0,17,14,2,29,4,0,2,1,22,8,4,11,17,5,0,0,17,0,4,37,17,12,14
9,6,0,20,1,0,0,22,5,0,20,13,2,28,2,0,2,0,22,5,1,4,12,7,0,0,24,0,3,30,29,18,15
12,4,0,20,2,0,0,27,2,0,22,5,2,17,1,0,3,0,36,7,3,3,13,10,0,0,23,0,4,29,28,13,14
2,6,0,20,3,0,1,30,2,0,18,8,3,32,4,0,3,1,35,4,3,4,15,0,0,0,35,0,3,19,20,24,5
3,8,0,19,2,0,1,24,0,1,18,8,2,27,1,0,1,1,60,6,4,4,13,0,0,0,29,0,11,10,17,21,9
11,10,0,14,0,0,0,19,2,1,33,20,2,10,3,0,3,2,44,2,4,5,9,4,0,0,41,0,0,11,21,12,17
2,7,0,14,4,0,0,17,2,0,25,12,1,24,1,0,1,3,51,4,6,1,9,3,0,0,39,0,10,15,18,18,13
6,10,0,26,2,0,0,24,2,1,15,5,2,24,1,0,4,0,29,7,5,6,11,2,0,0,37,0,3,15,17,34,12
4,2,0,21,2,0,0,24,3,0,21,17,0,30,0,0,1,3,41,3,6,2,7,6,0,0,30,0,2,22,15,24,14
12,8,0,12,4,0,0,23,1,2,17,14,2,18,1,0,4,6,29,5,4,12,26,3,0,0,11,1,3,29,16,19,18
5,4,0,17,3,0,0,14,1,2,24,19,0,13,1,0,2,2,38,1,5,4,20,3,0,0,33,0,3,40,19,18,9
4,5,0,16,7,0,0,24,2,1,26,11,0,20,1,0,4,0,37,5,9,2,19,2,0,0,27,0,4,36,15,17,6
3,10,0,14,3,0,0,17,2,1,24,11,0,27,1,0,3,5,38,4,2,7,21,3,0,0,30,0,5,26,16,15,12
9,15,0,16,1,0,0,10,1,1,15,19,0,27,1,0,1,5,33,2,6,8,22,3,0,0,30,0,8,33,12,14,8
8,17,0,22,1,0,0,11,1,0,13,12,1,34,4,0,2,8,32,3,5,6,12,1,0,0,16,0,12,44,16,13,6
5,8,0,15,1,0,0,28,4,0,20,17,0,21,2,0,1,3,29,2,9,4,19,0,0,0,23,0,5,32,28,18,6
5,25,0,15,5,0,0,19,1,3,12,24,0,35,2,0,1,10,28,2,5,0,14,3,0,0,21,0,10,19,26,14,1
0,8,0,25,1,0,0,26,2,0,6,26,0,33,4,0,1,1,19,1,1,0,13,3,0,0,24,0,9,35,32,26,4
1,7,0,21,0,0,0,17,3,0,5,16,0,36,0,0,2,12,17,2,0,0,16,3,0,0,27,0,10,41,38,25,1
2,9,0,13,1,0,0,22,1,2,12,17,0,48,0,0,0,9,29,2,1,0,24,1,0,0,18,0,14,46,12,15,2
2,6,0,18,2,0,0,22,0,0,19,13,0,43,1,0,1,8,22,1,5,1,11,0,0,0,31,0,18,29,23,20,4
0,7,0,24,1,0,0,22,2,0,13,25,0,29,0,0,3,8,20,3,3,0,9,0,0,0,26,0,4,45,34,19,3
1,9,0,22,2,0,0,25,1,0,11,23,0,33,3,0,2,6,27,3,4,3,20,2,0,0,18,0,8,31,16,20,10
1,16,0,14,2,0,0,11,2,5,14,19,0,30,1,0,3,5,35,4,4,7,17,2,0,0,24,0,4,36,10,28,6
4,16,0,14,6,0,0,14,3,0,16,24,0,31,1,0,2,2,35,3,9,2,18,2,0,0,19,0,10,30,8,22,9
0,12,0,16,2,0,0,25,2,0,16,16,0,28,2,0,0,3,33,2,6,5,17,1,0,0,27,1,4,35,20,22,5
1,13,0,24,3,0,0,27,1,2,7,20,0,29,0,0,4,3,23,0,2,1,12,0,0,0,23,0,9,32,27,30,7
3,9,0,22,2,0,0,13,1,0,13,28,0,47,0,0,0,12,16,4,4,1,16,2,0,0,23,0,14,29,24,11,6
6,9,0,25,0,0,0,17,2,4,9,15,0,37,5,0,1,11,21,0,0,0,16,0,0,0,20,0,12,36,21,27,6
5,9,0,19,2,0,2,26,4,3,15,13,0,45,3,0,3,8,28,3,5,2,9,2,0,0,15,0,18,17,21,18,5
6,13,0,18,4,0,0,18,3,2,11,25,0,30,2,0,2,12,33,4,10,1,15,0,0,0,20,0,9,14,21,21,6
3,10,0,16,1,0,0,14,0,0,12,19,1,37,2,0,0,8,46,3,2,0,13,2,0,0,30,0,13,14,20,27,7
7,7,0,14,2,0,0,5,1,1,26,13,0,29,2,0,0,11,38,4,1,4,8,6,0,0,47,0,9,30,14,11,10
3,10,0,17,1,0,0,20,0,0,20,15,0,27,1,0,1,14,33,3,2,4,22,4,0,0,27,0,14,28,15,8,11
1,13,0,17,1,0,0,19,2,0,19,17,0,33,1,0,2,12,36,1,1,3,10,0,0,0,21,0,14,30,19,15,13
3,3,0,21,3,0,0,22,3,1,15,12,0,24,2,0,0,3,29,1,1,2,21,3,0,0,32,0,16,29,17,26,11
4,6,0,17,0,0,0,30,2,0,16,14,0,34,1,0,3,1,34,4,2,1,18,1,0,0,27,0,5,23,16,33,8
8,13,0,13,0,0,0,25,1,2,14,20,1,36,0,0,3,2,20,5,1,5,12,3,0,0,13,0,5,26,28,30,14
11,13,0,8,4,0,0,21,4,1,15,15,0,26,3,0,3,3,29,4,5,3,16,6,0,0,10,0,12,25,24,27,12
6,28,0,13,4,0,0,21,1,3,9,15,0,23,2,0,4,7,16,2,7,8,15,6,0,0,17,2,11,21,26,23,10
4,19,0,17,2,0,0,23,3,1,20,20,0,28,2,0,3,3,16,5,1,3,24,4,0,0,17,1,14,29,17,8,16
5,27,0,21,4,0,0,23,2,0,25,15,1,19,1,0,3,5,24,1,4,7,15,3,0,0,15,6,11,15,23,16,9
6,20,0,14,2,3,0,18,1,5,25,24,2,19,3,0,5,7,28,6,8,3,6,3,0,0,12,2,20,13,18,14,13
10,20,0,17,4,1,0,32,2,1,24,15,0,14,2,0,1,5,19,2,2,4,17,4,0,0,14,3,25,14,19,18,11
2,24,0,17,2,5,0,23,0,4,17,21,1,15,3,0,4,15,26,2,8,0,20,2,0,0,16,1,15,14,23,12,8
6,22,0,17,1,3,0,24,2,1,23,16,0,13,2,0,5,7,22,5,5,7,11,3,0,0,14,1,14,10,22,28,16
5,20,0,14,6,1,0,22,3,1,26,17,0,26,1,0,3,18,24,4,4,3,12,2,0,0,16,2,14,18,15,15,8
9,22,0,18,2,4,0,23,1,2,20,10,0,22,2,0,6,9,28,2,8,2,12,2,0,0,13,1,21,20,22,7,12
3,18,0,15,3,0,0,18,5,4,17,25,0,28,0,0,3,8,25,0,0,1,13,0,0,0,34,3,13,13,27,14,10
2,17,0,12,2,0,0,20,1,6,19,17,0,27,1,0,3,11,30,3,2,2,10,3,0,0,26,0,15,19,27,18,7
4,23,0,10,3,0,0,16,3,2,8,15,0,22,3,0,2,13,21,2,2,0,20,2,0,0,16,2,26,23,26,25,11
5,7,0,13,9,3,0,22,6,4,17,16,5,29,2,0,2,8,13,4,3,4,18,1,0,0,11,2,21,23,26,20,6
0,18,0,26,4,0,0,28,1,3,13,21,1,17,1,0,3,3,10,5,7,2,17,4,0,0,21,2,15,21,24,15,18
7,15,0,22,1,0,0,34,2,1,13,19,1,26,5,0,2,2,13,4,2,1,13,0,0,0,17,0,12,29,29,19,11
8,20,0,23,1,0,0,23,4,2,25,15,0,14,4,0,1,4,19,1,3,2,9,2,0,0,20,0,7,32,22,22,17
3,20,0,15,3,0,0,21,3,4,25,16,0,23,2,0,4,10,29,0,3,0,15,1,0,0,16,0,13,18,23,20,13
7,15,0,14,4,0,0,28,2,1,29,19,1,25,5,0,3,5,28,3,2,6,10,2,0,0,18,1,8,15,21,16,12
